26-04-21.17:12:32.047 [main            ] INFO  Application            - Starting Application using Java 17 on jjnice with PID 25888 (D:\自学\java学习\小型支付商城\myddd\myddd-app\target\classes started by 24209 in D:\自学\java学习\小型支付商城\myddd)
26-04-21.17:12:32.050 [main            ] INFO  Application            - The following 1 profile is active: "dev"
26-04-21.17:12:33.072 [main            ] INFO  TomcatWebServer        - Tomcat initialized with port(s): 7860 (http)
26-04-21.17:12:33.080 [main            ] INFO  Http11NioProtocol      - Initializing ProtocolHandler ["http-nio-7860"]
26-04-21.17:12:33.080 [main            ] INFO  StandardService        - Starting service [Tomcat]
26-04-21.17:12:33.080 [main            ] INFO  StandardEngine         - Starting Servlet engine: [Apache Tomcat/9.0.75]
26-04-21.17:12:33.187 [main            ] INFO  [/]                    - Initializing Spring embedded WebApplicationContext
26-04-21.17:12:33.187 [main            ] INFO  ServletWebServerApplicationContext - Root WebApplicationContext: initialization completed in 1094 ms
26-04-21.17:12:33.918 [main            ] INFO  Http11NioProtocol      - Starting ProtocolHandler ["http-nio-7860"]
26-04-21.17:12:33.935 [main            ] INFO  TomcatWebServer        - Tomcat started on port(s): 7860 (http) with context path ''
26-04-21.17:12:33.946 [main            ] INFO  Application            - Started Application in 2.292 seconds (JVM running for 2.759)
26-04-21.17:12:36.006 [scheduling-1    ] INFO  NoPayNotifyOrderJob    - 任务：检测未接受到或未正确处理支付回调通知
26-04-21.17:12:36.039 [scheduling-1    ] INFO  HikariDataSource       - HikariPool-1 - Starting...
26-04-21.17:12:36.261 [scheduling-1    ] INFO  HikariDataSource       - HikariPool-1 - Start completed.
26-04-21.17:12:39.003 [scheduling-1    ] INFO  NoPayNotifyOrderJob    - 任务：检测未接受到或未正确处理支付回调通知
26-04-21.17:12:42.009 [scheduling-1    ] INFO  NoPayNotifyOrderJob    - 任务：检测未接受到或未正确处理支付回调通知
26-04-21.17:12:45.004 [scheduling-1    ] INFO  NoPayNotifyOrderJob    - 任务：检测未接受到或未正确处理支付回调通知
26-04-21.17:12:48.012 [scheduling-1    ] INFO  NoPayNotifyOrderJob    - 任务：检测未接受到或未正确处理支付回调通知
26-04-21.17:12:51.002 [scheduling-1    ] INFO  NoPayNotifyOrderJob    - 任务：检测未接受到或未正确处理支付回调通知
26-04-21.17:12:54.016 [scheduling-1    ] INFO  NoPayNotifyOrderJob    - 任务：检测未接受到或未正确处理支付回调通知
26-04-21.17:12:57.013 [scheduling-1    ] INFO  NoPayNotifyOrderJob    - 任务：检测未接受到或未正确处理支付回调通知
26-04-21.17:13:00.001 [scheduling-1    ] INFO  NoPayNotifyOrderJob    - 任务：检测未接受到或未正确处理支付回调通知
26-04-21.17:13:03.007 [scheduling-1    ] INFO  NoPayNotifyOrderJob    - 任务：检测未接受到或未正确处理支付回调通知
26-04-21.17:36:10.827 [main            ] INFO  Application            - Starting Application using Java 17 on jjnice with PID 27220 (D:\自学\java学习\小型支付商城\myddd\myddd-app\target\classes started by 24209 in D:\自学\java学习\小型支付商城\myddd)
26-04-21.17:36:10.828 [main            ] INFO  Application            - The following 1 profile is active: "dev"
26-04-21.17:36:11.975 [main            ] INFO  TomcatWebServer        - Tomcat initialized with port(s): 7860 (http)
26-04-21.17:36:11.985 [main            ] INFO  Http11NioProtocol      - Initializing ProtocolHandler ["http-nio-7860"]
26-04-21.17:36:11.985 [main            ] INFO  StandardService        - Starting service [Tomcat]
26-04-21.17:36:11.985 [main            ] INFO  StandardEngine         - Starting Servlet engine: [Apache Tomcat/9.0.75]
26-04-21.17:36:12.102 [main            ] INFO  [/]                    - Initializing Spring embedded WebApplicationContext
26-04-21.17:36:12.102 [main            ] INFO  ServletWebServerApplicationContext - Root WebApplicationContext: initialization completed in 1235 ms
26-04-21.17:36:12.898 [main            ] INFO  Http11NioProtocol      - Starting ProtocolHandler ["http-nio-7860"]
26-04-21.17:36:12.901 [main            ] WARN  AnnotationConfigServletWebServerApplicationContext - Exception encountered during context initialization - cancelling refresh attempt: org.springframework.context.ApplicationContextException: Failed to start bean 'webServerStartStop'; nested exception is org.springframework.boot.web.server.PortInUseException: Port 7860 is already in use
26-04-21.17:36:12.906 [main            ] INFO  Http11NioProtocol      - Pausing ProtocolHandler ["http-nio-7860"]
26-04-21.17:36:12.906 [main            ] INFO  StandardService        - Stopping service [Tomcat]
26-04-21.17:36:12.911 [main            ] INFO  Http11NioProtocol      - Stopping ProtocolHandler ["http-nio-7860"]
26-04-21.17:36:12.911 [main            ] INFO  Http11NioProtocol      - Destroying ProtocolHandler ["http-nio-7860"]
26-04-21.17:36:12.917 [main            ] INFO  ConditionEvaluationReportLoggingListener - 

Error starting ApplicationContext. To display the conditions report re-run your application with 'debug' enabled.
26-04-21.17:36:12.933 [main            ] ERROR LoggingFailureAnalysisReporter - 

***************************
APPLICATION FAILED TO START
***************************

Description:

Web server failed to start. Port 7860 was already in use.

Action:

Identify and stop the process that's listening on port 7860 or configure this application to listen on another port.

26-04-21.17:48:00.497 [main            ] INFO  Application            - Starting Application using Java 17 on jjnice with PID 31356 (D:\自学\java学习\小型支付商城\myddd\myddd-app\target\classes started by 24209 in D:\自学\java学习\小型支付商城\myddd)
26-04-21.17:48:00.499 [main            ] INFO  Application            - The following 1 profile is active: "dev"
26-04-21.17:48:01.461 [main            ] INFO  TomcatWebServer        - Tomcat initialized with port(s): 7860 (http)
26-04-21.17:48:01.469 [main            ] INFO  Http11NioProtocol      - Initializing ProtocolHandler ["http-nio-7860"]
26-04-21.17:48:01.469 [main            ] INFO  StandardService        - Starting service [Tomcat]
26-04-21.17:48:01.469 [main            ] INFO  StandardEngine         - Starting Servlet engine: [Apache Tomcat/9.0.75]
26-04-21.17:48:01.566 [main            ] INFO  [/]                    - Initializing Spring embedded WebApplicationContext
26-04-21.17:48:01.566 [main            ] INFO  ServletWebServerApplicationContext - Root WebApplicationContext: initialization completed in 1030 ms
26-04-21.17:48:02.278 [main            ] INFO  Http11NioProtocol      - Starting ProtocolHandler ["http-nio-7860"]
26-04-21.17:48:02.282 [main            ] WARN  AnnotationConfigServletWebServerApplicationContext - Exception encountered during context initialization - cancelling refresh attempt: org.springframework.context.ApplicationContextException: Failed to start bean 'webServerStartStop'; nested exception is org.springframework.boot.web.server.PortInUseException: Port 7860 is already in use
26-04-21.17:48:02.285 [main            ] INFO  Http11NioProtocol      - Pausing ProtocolHandler ["http-nio-7860"]
26-04-21.17:48:02.285 [main            ] INFO  StandardService        - Stopping service [Tomcat]
26-04-21.17:48:02.290 [main            ] INFO  Http11NioProtocol      - Stopping ProtocolHandler ["http-nio-7860"]
26-04-21.17:48:02.290 [main            ] INFO  Http11NioProtocol      - Destroying ProtocolHandler ["http-nio-7860"]
26-04-21.17:48:02.296 [main            ] INFO  ConditionEvaluationReportLoggingListener - 

Error starting ApplicationContext. To display the conditions report re-run your application with 'debug' enabled.
26-04-21.17:48:02.311 [main            ] ERROR LoggingFailureAnalysisReporter - 

***************************
APPLICATION FAILED TO START
***************************

Description:

Web server failed to start. Port 7860 was already in use.

Action:

Identify and stop the process that's listening on port 7860 or configure this application to listen on another port.

26-04-21.17:48:19.297 [main            ] INFO  Application            - Starting Application using Java 17 on jjnice with PID 35160 (D:\自学\java学习\小型支付商城\myddd\myddd-app\target\classes started by 24209 in D:\自学\java学习\小型支付商城\myddd)
26-04-21.17:48:19.298 [main            ] INFO  Application            - The following 1 profile is active: "dev"
26-04-21.17:48:20.230 [main            ] INFO  TomcatWebServer        - Tomcat initialized with port(s): 7860 (http)
26-04-21.17:48:20.238 [main            ] INFO  Http11NioProtocol      - Initializing ProtocolHandler ["http-nio-7860"]
26-04-21.17:48:20.238 [main            ] INFO  StandardService        - Starting service [Tomcat]
26-04-21.17:48:20.238 [main            ] INFO  StandardEngine         - Starting Servlet engine: [Apache Tomcat/9.0.75]
26-04-21.17:48:20.341 [main            ] INFO  [/]                    - Initializing Spring embedded WebApplicationContext
26-04-21.17:48:20.341 [main            ] INFO  ServletWebServerApplicationContext - Root WebApplicationContext: initialization completed in 1006 ms
26-04-21.17:48:21.039 [main            ] INFO  Http11NioProtocol      - Starting ProtocolHandler ["http-nio-7860"]
26-04-21.17:48:21.042 [main            ] WARN  AnnotationConfigServletWebServerApplicationContext - Exception encountered during context initialization - cancelling refresh attempt: org.springframework.context.ApplicationContextException: Failed to start bean 'webServerStartStop'; nested exception is org.springframework.boot.web.server.PortInUseException: Port 7860 is already in use
26-04-21.17:48:21.046 [main            ] INFO  Http11NioProtocol      - Pausing ProtocolHandler ["http-nio-7860"]
26-04-21.17:48:21.046 [main            ] INFO  StandardService        - Stopping service [Tomcat]
26-04-21.17:48:21.049 [main            ] INFO  Http11NioProtocol      - Stopping ProtocolHandler ["http-nio-7860"]
26-04-21.17:48:21.049 [main            ] INFO  Http11NioProtocol      - Destroying ProtocolHandler ["http-nio-7860"]
26-04-21.17:48:21.055 [main            ] INFO  ConditionEvaluationReportLoggingListener - 

Error starting ApplicationContext. To display the conditions report re-run your application with 'debug' enabled.
26-04-21.17:48:21.067 [main            ] ERROR LoggingFailureAnalysisReporter - 

***************************
APPLICATION FAILED TO START
***************************

Description:

Web server failed to start. Port 7860 was already in use.

Action:

Identify and stop the process that's listening on port 7860 or configure this application to listen on another port.

26-04-21.17:49:01.780 [main            ] INFO  Application            - Starting Application using Java 17 on jjnice with PID 14584 (D:\自学\java学习\小型支付商城\myddd\myddd-app\target\classes started by 24209 in D:\自学\java学习\小型支付商城\myddd)
26-04-21.17:49:01.783 [main            ] INFO  Application            - The following 1 profile is active: "dev"
26-04-21.17:49:02.749 [main            ] INFO  TomcatWebServer        - Tomcat initialized with port(s): 7860 (http)
26-04-21.17:49:02.757 [main            ] INFO  Http11NioProtocol      - Initializing ProtocolHandler ["http-nio-7860"]
26-04-21.17:49:02.759 [main            ] INFO  StandardService        - Starting service [Tomcat]
26-04-21.17:49:02.759 [main            ] INFO  StandardEngine         - Starting Servlet engine: [Apache Tomcat/9.0.75]
26-04-21.17:49:02.862 [main            ] INFO  [/]                    - Initializing Spring embedded WebApplicationContext
26-04-21.17:49:02.862 [main            ] INFO  ServletWebServerApplicationContext - Root WebApplicationContext: initialization completed in 1043 ms
26-04-21.17:49:03.547 [main            ] INFO  Http11NioProtocol      - Starting ProtocolHandler ["http-nio-7860"]
26-04-21.17:49:03.550 [main            ] WARN  AnnotationConfigServletWebServerApplicationContext - Exception encountered during context initialization - cancelling refresh attempt: org.springframework.context.ApplicationContextException: Failed to start bean 'webServerStartStop'; nested exception is org.springframework.boot.web.server.PortInUseException: Port 7860 is already in use
26-04-21.17:49:03.553 [main            ] INFO  Http11NioProtocol      - Pausing ProtocolHandler ["http-nio-7860"]
26-04-21.17:49:03.553 [main            ] INFO  StandardService        - Stopping service [Tomcat]
26-04-21.17:49:03.556 [main            ] INFO  Http11NioProtocol      - Stopping ProtocolHandler ["http-nio-7860"]
26-04-21.17:49:03.556 [main            ] INFO  Http11NioProtocol      - Destroying ProtocolHandler ["http-nio-7860"]
26-04-21.17:49:03.562 [main            ] INFO  ConditionEvaluationReportLoggingListener - 

Error starting ApplicationContext. To display the conditions report re-run your application with 'debug' enabled.
26-04-21.17:49:03.573 [main            ] ERROR LoggingFailureAnalysisReporter - 

***************************
APPLICATION FAILED TO START
***************************

Description:

Web server failed to start. Port 7860 was already in use.

Action:

Identify and stop the process that's listening on port 7860 or configure this application to listen on another port.

26-04-21.17:49:31.791 [main            ] INFO  Application            - Starting Application using Java 17 on jjnice with PID 22048 (D:\自学\java学习\小型支付商城\myddd\myddd-app\target\classes started by 24209 in D:\自学\java学习\小型支付商城\myddd)
26-04-21.17:49:31.793 [main            ] INFO  Application            - The following 1 profile is active: "dev"
26-04-21.17:49:32.731 [main            ] INFO  TomcatWebServer        - Tomcat initialized with port(s): 7860 (http)
26-04-21.17:49:32.738 [main            ] INFO  Http11NioProtocol      - Initializing ProtocolHandler ["http-nio-7860"]
26-04-21.17:49:32.738 [main            ] INFO  StandardService        - Starting service [Tomcat]
26-04-21.17:49:32.738 [main            ] INFO  StandardEngine         - Starting Servlet engine: [Apache Tomcat/9.0.75]
26-04-21.17:49:32.846 [main            ] INFO  [/]                    - Initializing Spring embedded WebApplicationContext
26-04-21.17:49:32.846 [main            ] INFO  ServletWebServerApplicationContext - Root WebApplicationContext: initialization completed in 1019 ms
26-04-21.17:49:33.544 [main            ] INFO  Http11NioProtocol      - Starting ProtocolHandler ["http-nio-7860"]
26-04-21.17:49:33.559 [main            ] INFO  TomcatWebServer        - Tomcat started on port(s): 7860 (http) with context path ''
26-04-21.17:49:33.583 [main            ] INFO  Application            - Started Application in 2.163 seconds (JVM running for 2.611)
26-04-21.17:49:36.014 [scheduling-1    ] INFO  NoPayNotifyOrderJob    - 任务：检测未接受到或未正确处理支付回调通知
26-04-21.17:49:36.031 [scheduling-1    ] INFO  HikariDataSource       - HikariPool-1 - Starting...
26-04-21.17:49:36.231 [scheduling-1    ] INFO  HikariDataSource       - HikariPool-1 - Start completed.
26-04-21.17:49:39.007 [scheduling-1    ] INFO  NoPayNotifyOrderJob    - 任务：检测未接受到或未正确处理支付回调通知
26-04-21.17:49:42.012 [scheduling-1    ] INFO  NoPayNotifyOrderJob    - 任务：检测未接受到或未正确处理支付回调通知
26-04-21.17:49:45.004 [scheduling-1    ] INFO  NoPayNotifyOrderJob    - 任务：检测未接受到或未正确处理支付回调通知
26-04-21.17:49:48.013 [scheduling-1    ] INFO  NoPayNotifyOrderJob    - 任务：检测未接受到或未正确处理支付回调通知
26-04-21.17:49:51.001 [scheduling-1    ] INFO  NoPayNotifyOrderJob    - 任务：检测未接受到或未正确处理支付回调通知
26-04-21.17:49:54.012 [scheduling-1    ] INFO  NoPayNotifyOrderJob    - 任务：检测未接受到或未正确处理支付回调通知
26-04-21.17:49:57.001 [scheduling-1    ] INFO  NoPayNotifyOrderJob    - 任务：检测未接受到或未正确处理支付回调通知
26-04-21.17:50:00.005 [scheduling-1    ] INFO  TimeoutCloseOrderJob   - 任务超时三十分钟直接关闭
26-04-21.17:50:00.009 [scheduling-1    ] INFO  TimeoutCloseOrderJob   - 暂时没有任务超过三十分钟还未支付
26-04-21.17:50:00.010 [scheduling-1    ] INFO  NoPayNotifyOrderJob    - 任务：检测未接受到或未正确处理支付回调通知
26-04-21.17:50:03.013 [scheduling-1    ] INFO  NoPayNotifyOrderJob    - 任务：检测未接受到或未正确处理支付回调通知
26-04-21.17:50:06.009 [scheduling-1    ] INFO  NoPayNotifyOrderJob    - 任务：检测未接受到或未正确处理支付回调通知
26-04-21.17:50:09.014 [scheduling-1    ] INFO  NoPayNotifyOrderJob    - 任务：检测未接受到或未正确处理支付回调通知
26-04-21.17:50:12.013 [scheduling-1    ] INFO  NoPayNotifyOrderJob    - 任务：检测未接受到或未正确处理支付回调通知
26-04-21.17:50:15.016 [scheduling-1    ] INFO  NoPayNotifyOrderJob    - 任务：检测未接受到或未正确处理支付回调通知
26-04-21.17:50:18.006 [scheduling-1    ] INFO  NoPayNotifyOrderJob    - 任务：检测未接受到或未正确处理支付回调通知
26-04-21.17:50:21.005 [scheduling-1    ] INFO  NoPayNotifyOrderJob    - 任务：检测未接受到或未正确处理支付回调通知
26-04-21.17:50:24.005 [scheduling-1    ] INFO  NoPayNotifyOrderJob    - 任务：检测未接受到或未正确处理支付回调通知
26-04-21.17:50:27.010 [scheduling-1    ] INFO  NoPayNotifyOrderJob    - 任务：检测未接受到或未正确处理支付回调通知
26-04-21.17:50:30.007 [scheduling-1    ] INFO  NoPayNotifyOrderJob    - 任务：检测未接受到或未正确处理支付回调通知
26-04-21.17:50:33.005 [scheduling-1    ] INFO  NoPayNotifyOrderJob    - 任务：检测未接受到或未正确处理支付回调通知
26-04-21.17:50:36.005 [scheduling-1    ] INFO  NoPayNotifyOrderJob    - 任务：检测未接受到或未正确处理支付回调通知
26-04-21.17:50:39.004 [scheduling-1    ] INFO  NoPayNotifyOrderJob    - 任务：检测未接受到或未正确处理支付回调通知
26-04-21.17:50:42.013 [scheduling-1    ] INFO  NoPayNotifyOrderJob    - 任务：检测未接受到或未正确处理支付回调通知
26-04-21.17:50:45.003 [scheduling-1    ] INFO  NoPayNotifyOrderJob    - 任务：检测未接受到或未正确处理支付回调通知
26-04-21.17:50:48.007 [scheduling-1    ] INFO  NoPayNotifyOrderJob    - 任务：检测未接受到或未正确处理支付回调通知
26-04-21.17:50:51.007 [scheduling-1    ] INFO  NoPayNotifyOrderJob    - 任务：检测未接受到或未正确处理支付回调通知
26-04-21.17:50:54.008 [scheduling-1    ] INFO  NoPayNotifyOrderJob    - 任务：检测未接受到或未正确处理支付回调通知
26-04-21.17:50:57.009 [scheduling-1    ] INFO  NoPayNotifyOrderJob    - 任务：检测未接受到或未正确处理支付回调通知
26-04-21.17:50:58.238 [scheduling-1    ] ERROR err                    - ErrorScene^_^40004^_^ACQ.TRADE_NOT_EXIST^_^null^_^Windows 10^_^2026-04-21 17:50:58^_^ProtocalMustParams:charset=utf-8&method=alipay.trade.query&sign=MuJhsd6zdt60BI6bJUl0qfXkaoxnutpeHms2nDG92Ri2EP65YH4W5ls+2ZBZcQW4h8lVi2ouz+parRCtjwCtRFxt5SXd7ANCVW4vqr5NUoyqmgRpiPY6aa5JZPAbbifAnDLe1np7zSRgxLj1Xm7tmG/jCBGpU9tExx7Xig8Cj7gkr69oWVh7GMuYp/jloqRRp4DziX/6Att1x3i7udp2k7i84ed13ZWwHvvVbIDAdlMk+G8iq31rOa5sUf6ivin19QE0RESrj7IEYjdYTrBIXukT+VDDZoKJs0WdLhB1kj4ioOzuNjhAyCRmlju2UvTswOd+aIMRUwxY8SXKBWKN6A==&version=1.0&app_id=9021000159639472&sign_type=RSA2&timestamp=2026-04-21 17:50:57^_^ProtocalOptParams:alipay_sdk=alipay-sdk-java-4.38.157.ALL&format=json^_^ApplicationParams:traceId=06013ec2177676505946919852844782&biz_content={"out_trade_no":"804431119492"}^_^Body:{"alipay_trade_query_response":{"msg":"Business Failed","code":"40004","out_trade_no":"804431119492","sub_msg":"交易不存在","sub_code":"ACQ.TRADE_NOT_EXIST","receipt_amount":"0.00","point_amount":"0.00","buyer_pay_amount":"0.00","invoice_amount":"0.00"},"sign":"KHMw8Uv/qAfySvlFt6aBehT7XOdBRZQmXhsBqD6jmLfATC9GN0Xee1QE/A9/M3kQRsvTeL3GlUT+47X1t/9qPCBuFNHWcIHRyS6JfNYWBWHPvrtNqv9bgq6wdrG9n+pmLLHjzgQQAwLTSa0YTuK+Br/QfPKTwkSlAmgsv4CIe5fgOO1o/NE6tiF1sptOdmDFaHQUOg4tf5YEcQ9qjZ0pEo02wCE74znrGWV8UgPdG5TVaGEo824kbHwFUef7/UpcJK7Nn0l2VROk2f7Y8CFE+r7blqTVU6VzS/R8mr3OtfJOdOUxoL8dDrDz8xBsqPS23PoNTsXMBw+oGsNKmbn4kA=="}^_^34ms,1169ms,20ms^_^trace_id:06013ec2177676505946919852844782
26-04-21.17:51:00.010 [scheduling-1    ] INFO  NoPayNotifyOrderJob    - 任务：检测未接受到或未正确处理支付回调通知
26-04-21.17:51:00.343 [scheduling-1    ] ERROR err                    - ErrorScene^_^40004^_^ACQ.TRADE_NOT_EXIST^_^null^_^Windows 10^_^2026-04-21 17:51:00^_^ProtocalMustParams:charset=utf-8&method=alipay.trade.query&sign=GWMDFNPTXKolwODrtCoStPmP6UzBr6yTYK0/4CrqCTtMenWLIHrAx+fvIY/HjlsUWUnS1zsjNTCqxyIGoyc1EZU4Fdh3EuCnpPZ7ZSP++O3H7abz6CB1ALIyozxjGzhQqZ0qRWMospqdmPAT3N1U9iLUS3pfVsrmeRnHdvVkmDQ2zWLdNzJ6tINIEnQtrvkegTt/QbZscUkFzJTjkdn4UYGILfO5/+5dc2b70aEOX3X5uNyFE0kYJz+XcEB7D8tzM9L3YHFNNo5GVz9WsEvmHu9c3V/6DURSWeAmhnrbYkRO+5kclSM5nKZaoy6lo1c9WSpIDaHQ1HdDLyjc8j39EA==&version=1.0&app_id=9021000159639472&sign_type=RSA2&timestamp=2026-04-21 17:51:00^_^ProtocalOptParams:alipay_sdk=alipay-sdk-java-4.38.157.ALL&format=json^_^ApplicationParams:traceId=0600019a177676506208650301495119&biz_content={"out_trade_no":"804431119492"}^_^Body:{"alipay_trade_query_response":{"msg":"Business Failed","code":"40004","out_trade_no":"804431119492","sub_msg":"交易不存在","sub_code":"ACQ.TRADE_NOT_EXIST","receipt_amount":"0.00","point_amount":"0.00","buyer_pay_amount":"0.00","invoice_amount":"0.00"},"sign":"KHMw8Uv/qAfySvlFt6aBehT7XOdBRZQmXhsBqD6jmLfATC9GN0Xee1QE/A9/M3kQRsvTeL3GlUT+47X1t/9qPCBuFNHWcIHRyS6JfNYWBWHPvrtNqv9bgq6wdrG9n+pmLLHjzgQQAwLTSa0YTuK+Br/QfPKTwkSlAmgsv4CIe5fgOO1o/NE6tiF1sptOdmDFaHQUOg4tf5YEcQ9qjZ0pEo02wCE74znrGWV8UgPdG5TVaGEo824kbHwFUef7/UpcJK7Nn0l2VROk2f7Y8CFE+r7blqTVU6VzS/R8mr3OtfJOdOUxoL8dDrDz8xBsqPS23PoNTsXMBw+oGsNKmbn4kA=="}^_^9ms,313ms,9ms^_^trace_id:0600019a177676506208650301495119
26-04-21.17:51:03.016 [scheduling-1    ] INFO  NoPayNotifyOrderJob    - 任务：检测未接受到或未正确处理支付回调通知
26-04-21.17:51:03.372 [scheduling-1    ] ERROR err                    - ErrorScene^_^40004^_^ACQ.TRADE_NOT_EXIST^_^null^_^Windows 10^_^2026-04-21 17:51:03^_^ProtocalMustParams:charset=utf-8&method=alipay.trade.query&sign=BMq5HqhPcdAIV5XacJd8U6e6mlTf8qslUBI6vWvQmj1ZEAQBad8lnpcbIk1HX2c3KSoaiex4y2Bx0PYGBRGS8ybvooDdTSBKvIQ6iEbQMgu73ii0lyYPSSEbxjbRZoDoVqTe1s7bXkwSfnx6LhU+SZTcy1WjxXy3WnsS1Vq7mX7Ye3GH69TUnBf9CYad1PAQDupr7lkSUvYVtvh3qkCF1D/CU3WsBV6nHSVEzEFXmf7BI/9+aR/W5Chvx/RljaVhGZsYI/G9AW51EyqYjTrkt3k0y5TBCRhB9TYH8ZJtosZKgX32OzEfHk3uAqiLWDnL2Gfvqj28+H+//joIa4x7cQ==&version=1.0&app_id=9021000159639472&sign_type=RSA2&timestamp=2026-04-21 17:51:03^_^ProtocalOptParams:alipay_sdk=alipay-sdk-java-4.38.157.ALL&format=json^_^ApplicationParams:traceId=06022404177676506509166341838482&biz_content={"out_trade_no":"804431119492"}^_^Body:{"alipay_trade_query_response":{"msg":"Business Failed","code":"40004","out_trade_no":"804431119492","sub_msg":"交易不存在","sub_code":"ACQ.TRADE_NOT_EXIST","receipt_amount":"0.00","point_amount":"0.00","buyer_pay_amount":"0.00","invoice_amount":"0.00"},"sign":"KHMw8Uv/qAfySvlFt6aBehT7XOdBRZQmXhsBqD6jmLfATC9GN0Xee1QE/A9/M3kQRsvTeL3GlUT+47X1t/9qPCBuFNHWcIHRyS6JfNYWBWHPvrtNqv9bgq6wdrG9n+pmLLHjzgQQAwLTSa0YTuK+Br/QfPKTwkSlAmgsv4CIe5fgOO1o/NE6tiF1sptOdmDFaHQUOg4tf5YEcQ9qjZ0pEo02wCE74znrGWV8UgPdG5TVaGEo824kbHwFUef7/UpcJK7Nn0l2VROk2f7Y8CFE+r7blqTVU6VzS/R8mr3OtfJOdOUxoL8dDrDz8xBsqPS23PoNTsXMBw+oGsNKmbn4kA=="}^_^8ms,340ms,7ms^_^trace_id:06022404177676506509166341838482
26-04-21.17:51:06.009 [scheduling-1    ] INFO  NoPayNotifyOrderJob    - 任务：检测未接受到或未正确处理支付回调通知
26-04-21.17:51:06.273 [scheduling-1    ] ERROR err                    - ErrorScene^_^40004^_^ACQ.TRADE_NOT_EXIST^_^null^_^Windows 10^_^2026-04-21 17:51:06^_^ProtocalMustParams:charset=utf-8&method=alipay.trade.query&sign=EMQXGaiF70vgWQS7tpQXnvLFKaT9KYAh2bVp6+mkvqrC9hU42DnjIek3H/tYbX0tdfA3L8Xru1kVXxJjGwU7mIkM2FNysOUHvcxmwCC3lq3bL/+YjDYA1YY5P218LFdozI3e4TwlbL7RV/eiAdwKu/777nad5wa4hZVzhk8qBb1Ktvj5c0fHHxnXAOWDstOhiFyLr4FFW+C8ECFGM6iWH1SzTu/8Dbdm71dV/GRC8dechQxxZr5GxUUzFNz4IWsVQmDEl57nap7xCtkAEjcdBMHHZvM+f5sV4lEjh2a7b3pbuYQXZi/4+LsctTV802LLNGKHloru2NFclLdWCSgHUg==&version=1.0&app_id=9021000159639472&sign_type=RSA2&timestamp=2026-04-21 17:51:06^_^ProtocalOptParams:alipay_sdk=alipay-sdk-java-4.38.157.ALL&format=json^_^ApplicationParams:traceId=06013ec2177676506808520362844782&biz_content={"out_trade_no":"804431119492"}^_^Body:{"alipay_trade_query_response":{"msg":"Business Failed","code":"40004","out_trade_no":"804431119492","sub_msg":"交易不存在","sub_code":"ACQ.TRADE_NOT_EXIST","receipt_amount":"0.00","point_amount":"0.00","buyer_pay_amount":"0.00","invoice_amount":"0.00"},"sign":"KHMw8Uv/qAfySvlFt6aBehT7XOdBRZQmXhsBqD6jmLfATC9GN0Xee1QE/A9/M3kQRsvTeL3GlUT+47X1t/9qPCBuFNHWcIHRyS6JfNYWBWHPvrtNqv9bgq6wdrG9n+pmLLHjzgQQAwLTSa0YTuK+Br/QfPKTwkSlAmgsv4CIe5fgOO1o/NE6tiF1sptOdmDFaHQUOg4tf5YEcQ9qjZ0pEo02wCE74znrGWV8UgPdG5TVaGEo824kbHwFUef7/UpcJK7Nn0l2VROk2f7Y8CFE+r7blqTVU6VzS/R8mr3OtfJOdOUxoL8dDrDz8xBsqPS23PoNTsXMBw+oGsNKmbn4kA=="}^_^8ms,244ms,11ms^_^trace_id:06013ec2177676506808520362844782
26-04-21.17:51:09.012 [scheduling-1    ] INFO  NoPayNotifyOrderJob    - 任务：检测未接受到或未正确处理支付回调通知
26-04-21.17:51:09.315 [scheduling-1    ] ERROR err                    - ErrorScene^_^40004^_^ACQ.TRADE_NOT_EXIST^_^null^_^Windows 10^_^2026-04-21 17:51:09^_^ProtocalMustParams:charset=utf-8&method=alipay.trade.query&sign=CNBwWTJJrVnDBeGw9JpzFIEBphmaJ522MOnP7xOwWtLVGeRFi/K3Z2sPb+9YYOxKhoH+tstJvqf9fap9fW0oGhCQSHfobE3ktwhyMuXzL0a2Hs8vuKvWZjuJyKBtWchGckJsIEV48dJE9fYlkriZ+9637ak82yRwWg89TAcqCeyjD/pF8n8HjS08tz++/V0hVoYg68rDgDGUSN+uIuGrCkL6SnLMYrf4K1MK4x6DP39z2WiQ2oJRxVe07SsqNr2c2m8H8QF/Xr2O75oADYkE/DxRiVPvsfFfZ2+npyhnhISlsMBhaoGjHAiYo0NKnp5aF+t4Suep0clZv1IraBVfqw==&version=1.0&app_id=9021000159639472&sign_type=RSA2&timestamp=2026-04-21 17:51:09^_^ProtocalOptParams:alipay_sdk=alipay-sdk-java-4.38.157.ALL&format=json^_^ApplicationParams:traceId=060389ba17767650710882421294248&biz_content={"out_trade_no":"804431119492"}^_^Body:{"alipay_trade_query_response":{"msg":"Business Failed","code":"40004","out_trade_no":"804431119492","sub_msg":"交易不存在","sub_code":"ACQ.TRADE_NOT_EXIST","receipt_amount":"0.00","point_amount":"0.00","buyer_pay_amount":"0.00","invoice_amount":"0.00"},"sign":"KHMw8Uv/qAfySvlFt6aBehT7XOdBRZQmXhsBqD6jmLfATC9GN0Xee1QE/A9/M3kQRsvTeL3GlUT+47X1t/9qPCBuFNHWcIHRyS6JfNYWBWHPvrtNqv9bgq6wdrG9n+pmLLHjzgQQAwLTSa0YTuK+Br/QfPKTwkSlAmgsv4CIe5fgOO1o/NE6tiF1sptOdmDFaHQUOg4tf5YEcQ9qjZ0pEo02wCE74znrGWV8UgPdG5TVaGEo824kbHwFUef7/UpcJK7Nn0l2VROk2f7Y8CFE+r7blqTVU6VzS/R8mr3OtfJOdOUxoL8dDrDz8xBsqPS23PoNTsXMBw+oGsNKmbn4kA=="}^_^8ms,284ms,10ms^_^trace_id:060389ba17767650710882421294248
26-04-21.17:51:12.012 [scheduling-1    ] INFO  NoPayNotifyOrderJob    - 任务：检测未接受到或未正确处理支付回调通知
26-04-21.17:51:12.335 [scheduling-1    ] ERROR err                    - ErrorScene^_^40004^_^ACQ.TRADE_NOT_EXIST^_^null^_^Windows 10^_^2026-04-21 17:51:12^_^ProtocalMustParams:charset=utf-8&method=alipay.trade.query&sign=Yt4IrCYYYNRzcyhlN2VVssnmIyTBJ3sJmV65t33F/Qf5jtK1suwN880IkGG5Z8zbjX6UxtJoV6e2FjpMsBAWt22eRB5AaSYfFQUUMygOxE/93htdjcaakUlKGmye3wHwSMFI0RGBm4l+7Rc0CCh8idCwgsBxpY9CjZeCp/Q6pJOw/bIPN5wCfScxxWKECLof4eV9yNdkLS6tY9ND6rfgAXf9NSVKS2AcTzAEfszANCPoJXPv05ARVVahqWfg7nE+Bg0d8a4TmL344bhRkFeuHd882+EYeyWDUdciVbxUcSMh5gB+E3SZZ0dH+PUUSTv4X8FCHi+2Ro8aEAJ1GfImHA==&version=1.0&app_id=9021000159639472&sign_type=RSA2&timestamp=2026-04-21 17:51:12^_^ProtocalOptParams:alipay_sdk=alipay-sdk-java-4.38.157.ALL&format=json^_^ApplicationParams:traceId=0601d58b177676507408954551828226&biz_content={"out_trade_no":"804431119492"}^_^Body:{"alipay_trade_query_response":{"msg":"Business Failed","code":"40004","out_trade_no":"804431119492","sub_msg":"交易不存在","sub_code":"ACQ.TRADE_NOT_EXIST","receipt_amount":"0.00","point_amount":"0.00","buyer_pay_amount":"0.00","invoice_amount":"0.00"},"sign":"KHMw8Uv/qAfySvlFt6aBehT7XOdBRZQmXhsBqD6jmLfATC9GN0Xee1QE/A9/M3kQRsvTeL3GlUT+47X1t/9qPCBuFNHWcIHRyS6JfNYWBWHPvrtNqv9bgq6wdrG9n+pmLLHjzgQQAwLTSa0YTuK+Br/QfPKTwkSlAmgsv4CIe5fgOO1o/NE6tiF1sptOdmDFaHQUOg4tf5YEcQ9qjZ0pEo02wCE74znrGWV8UgPdG5TVaGEo824kbHwFUef7/UpcJK7Nn0l2VROk2f7Y8CFE+r7blqTVU6VzS/R8mr3OtfJOdOUxoL8dDrDz8xBsqPS23PoNTsXMBw+oGsNKmbn4kA=="}^_^8ms,305ms,8ms^_^trace_id:0601d58b177676507408954551828226
26-04-21.17:51:15.004 [scheduling-1    ] INFO  NoPayNotifyOrderJob    - 任务：检测未接受到或未正确处理支付回调通知
26-04-21.17:51:15.257 [scheduling-1    ] ERROR err                    - ErrorScene^_^40004^_^ACQ.TRADE_NOT_EXIST^_^null^_^Windows 10^_^2026-04-21 17:51:15^_^ProtocalMustParams:charset=utf-8&method=alipay.trade.query&sign=aKbUiLckGbt19q5nIzgWAV745Rx7hownLzXFPH75tH3/r9+DV78rdQyAwSa8MLX2bhggAPc8aL8yYQmCwyxnUWYniUf3Pzg4e26jWv0QApXkve5L21c8CsBsbRWqUw9i4sQyEeo3unuTrvUPrT4TA1dUcn++kyApdG+V/Ihe4lVsRTUcTOcDjXDjxZrCz+c5I50tkXyXyAzxpfloIGsGe0q9Bx6n39FxG96QHhrpsu+RG/RDe8ua6iXm+EJvEVNDMLo+XSZP0NrLF4leEctZ2aeDC3a+Bf6G08eqiHbddwgq4B0FwbBtjW2BN49JLeIbawDL2CQnVIz7bFpyknI0iA==&version=1.0&app_id=9021000159639472&sign_type=RSA2&timestamp=2026-04-21 17:51:15^_^ProtocalOptParams:alipay_sdk=alipay-sdk-java-4.38.157.ALL&format=json^_^ApplicationParams:traceId=060389ba17767650770722438294248&biz_content={"out_trade_no":"804431119492"}^_^Body:{"alipay_trade_query_response":{"msg":"Business Failed","code":"40004","out_trade_no":"804431119492","sub_msg":"交易不存在","sub_code":"ACQ.TRADE_NOT_EXIST","receipt_amount":"0.00","point_amount":"0.00","buyer_pay_amount":"0.00","invoice_amount":"0.00"},"sign":"KHMw8Uv/qAfySvlFt6aBehT7XOdBRZQmXhsBqD6jmLfATC9GN0Xee1QE/A9/M3kQRsvTeL3GlUT+47X1t/9qPCBuFNHWcIHRyS6JfNYWBWHPvrtNqv9bgq6wdrG9n+pmLLHjzgQQAwLTSa0YTuK+Br/QfPKTwkSlAmgsv4CIe5fgOO1o/NE6tiF1sptOdmDFaHQUOg4tf5YEcQ9qjZ0pEo02wCE74znrGWV8UgPdG5TVaGEo824kbHwFUef7/UpcJK7Nn0l2VROk2f7Y8CFE+r7blqTVU6VzS/R8mr3OtfJOdOUxoL8dDrDz8xBsqPS23PoNTsXMBw+oGsNKmbn4kA=="}^_^7ms,234ms,10ms^_^trace_id:060389ba17767650770722438294248
26-04-21.17:51:18.006 [scheduling-1    ] INFO  NoPayNotifyOrderJob    - 任务：检测未接受到或未正确处理支付回调通知
26-04-21.17:51:18.306 [scheduling-1    ] ERROR err                    - ErrorScene^_^40004^_^ACQ.TRADE_NOT_EXIST^_^null^_^Windows 10^_^2026-04-21 17:51:18^_^ProtocalMustParams:charset=utf-8&method=alipay.trade.query&sign=POpd5lOyjwtdICPyy8zH/EQr62N6rasc/58E94waFazz2mFwlkUYzI1NLZNqmAX4yEMfUMr6Cb5BGAZdAS59Zp95KI59lWq+309jyu1rbvaLbK2yvvTg0XMNH9KH+3LqCEjU725eSPIa0auoPfXrilyT4F4rHXPvJwGQOc/fQqTyurnhIOR0xSbHAkurYKKIq8bAcRNf7+PQBpqGBD9hLazFvfx5cylBbJsk2ppkl/MMZN964ZLSEGXo7Bz7IOb3T65jinmTksLlwzNjPVKssxxD7VI1ZrF8w0bPHsEHsYdRgrXkIVoky8DInkGr0/WdmRpV2oY5lG4hvF0BFJfUfQ==&version=1.0&app_id=9021000159639472&sign_type=RSA2&timestamp=2026-04-21 17:51:18^_^ProtocalOptParams:alipay_sdk=alipay-sdk-java-4.38.157.ALL&format=json^_^ApplicationParams:traceId=06022404177676508008466861838482&biz_content={"out_trade_no":"804431119492"}^_^Body:{"alipay_trade_query_response":{"msg":"Business Failed","code":"40004","out_trade_no":"804431119492","sub_msg":"交易不存在","sub_code":"ACQ.TRADE_NOT_EXIST","receipt_amount":"0.00","point_amount":"0.00","buyer_pay_amount":"0.00","invoice_amount":"0.00"},"sign":"KHMw8Uv/qAfySvlFt6aBehT7XOdBRZQmXhsBqD6jmLfATC9GN0Xee1QE/A9/M3kQRsvTeL3GlUT+47X1t/9qPCBuFNHWcIHRyS6JfNYWBWHPvrtNqv9bgq6wdrG9n+pmLLHjzgQQAwLTSa0YTuK+Br/QfPKTwkSlAmgsv4CIe5fgOO1o/NE6tiF1sptOdmDFaHQUOg4tf5YEcQ9qjZ0pEo02wCE74znrGWV8UgPdG5TVaGEo824kbHwFUef7/UpcJK7Nn0l2VROk2f7Y8CFE+r7blqTVU6VzS/R8mr3OtfJOdOUxoL8dDrDz8xBsqPS23PoNTsXMBw+oGsNKmbn4kA=="}^_^8ms,282ms,8ms^_^trace_id:06022404177676508008466861838482
26-04-21.17:51:21.012 [scheduling-1    ] INFO  NoPayNotifyOrderJob    - 任务：检测未接受到或未正确处理支付回调通知
26-04-21.17:51:21.256 [scheduling-1    ] ERROR err                    - ErrorScene^_^40004^_^ACQ.TRADE_NOT_EXIST^_^null^_^Windows 10^_^2026-04-21 17:51:21^_^ProtocalMustParams:charset=utf-8&method=alipay.trade.query&sign=PRDaOa1GrCRP6Iv1iJ9gvswialLY2APX+bWNpmAmtC0IHRxm5mTOu1kJ7kPTfiYOUn50PQwUqSSO/Mt7D90cOAjiBRH+V7yEH4FDhhl49OUj1zN1wruugzJ9G7jAuA4UPLvBmw9QPSKEQwXveW9QeVi0LGx4PUqr6pggIjDGfp0oD/z173CvN4qGwhR0d43WhShXiUEuHxeAvwt7ZGQsCoDVhJ4oWK6zog82YQAZVE9wu2KvujsnmUy0IftMvYrZOjZGXfQDG9JIXJlSRMFdiQEFQeVBX7lyqstCrgRmV7G9wBR9AyqRkT+KKWgt15FCUjb4kTWRxDIcO4TaB6cp2g==&version=1.0&app_id=9021000159639472&sign_type=RSA2&timestamp=2026-04-21 17:51:21^_^ProtocalOptParams:alipay_sdk=alipay-sdk-java-4.38.157.ALL&format=json^_^ApplicationParams:traceId=0601ac3e177676508309415496638&biz_content={"out_trade_no":"804431119492"}^_^Body:{"alipay_trade_query_response":{"msg":"Business Failed","code":"40004","out_trade_no":"804431119492","sub_msg":"交易不存在","sub_code":"ACQ.TRADE_NOT_EXIST","receipt_amount":"0.00","point_amount":"0.00","buyer_pay_amount":"0.00","invoice_amount":"0.00"},"sign":"KHMw8Uv/qAfySvlFt6aBehT7XOdBRZQmXhsBqD6jmLfATC9GN0Xee1QE/A9/M3kQRsvTeL3GlUT+47X1t/9qPCBuFNHWcIHRyS6JfNYWBWHPvrtNqv9bgq6wdrG9n+pmLLHjzgQQAwLTSa0YTuK+Br/QfPKTwkSlAmgsv4CIe5fgOO1o/NE6tiF1sptOdmDFaHQUOg4tf5YEcQ9qjZ0pEo02wCE74znrGWV8UgPdG5TVaGEo824kbHwFUef7/UpcJK7Nn0l2VROk2f7Y8CFE+r7blqTVU6VzS/R8mr3OtfJOdOUxoL8dDrDz8xBsqPS23PoNTsXMBw+oGsNKmbn4kA=="}^_^8ms,227ms,8ms^_^trace_id:0601ac3e177676508309415496638
26-04-21.17:51:24.001 [scheduling-1    ] INFO  NoPayNotifyOrderJob    - 任务：检测未接受到或未正确处理支付回调通知
26-04-21.17:51:24.348 [scheduling-1    ] ERROR err                    - ErrorScene^_^40004^_^ACQ.TRADE_NOT_EXIST^_^null^_^Windows 10^_^2026-04-21 17:51:24^_^ProtocalMustParams:charset=utf-8&method=alipay.trade.query&sign=U9mHZfjUX4kVMHEN9k6SKm2Fc+6maLmUrnHoQczMJAWinFDZWaf9fH3kyL0aQKQFQRPSNXecD6QcAoWHRTfzgrWhao0uPA/hNB0ONQPKBS0JJoJJiJ4c6xOTTA9XUsuVk0U2smTN04YeOukoMMw2Ki1S6rCzSo2W5v9X+LZW+cn0CTl4wyLsS0afNOaLKTiam4yd02lGu3Q8IT6HtBH4m+GcdLNEIkZFrcLoQF21IMQv5UluJXcLsswXcHUUXbE9ErTz+3JitzES7w1E9n6xA/a0E9RqoIVFdhREeZMtEuDUSi+EQkSYvqPJ0FvrWORmMRGG7WtvG/K4WEkBm5Qx9g==&version=1.0&app_id=9021000159639472&sign_type=RSA2&timestamp=2026-04-21 17:51:24^_^ProtocalOptParams:alipay_sdk=alipay-sdk-java-4.38.157.ALL&format=json^_^ApplicationParams:traceId=0600bf82177676508608015342755305&biz_content={"out_trade_no":"804431119492"}^_^Body:{"alipay_trade_query_response":{"msg":"Business Failed","code":"40004","out_trade_no":"804431119492","sub_msg":"交易不存在","sub_code":"ACQ.TRADE_NOT_EXIST","receipt_amount":"0.00","point_amount":"0.00","buyer_pay_amount":"0.00","invoice_amount":"0.00"},"sign":"KHMw8Uv/qAfySvlFt6aBehT7XOdBRZQmXhsBqD6jmLfATC9GN0Xee1QE/A9/M3kQRsvTeL3GlUT+47X1t/9qPCBuFNHWcIHRyS6JfNYWBWHPvrtNqv9bgq6wdrG9n+pmLLHjzgQQAwLTSa0YTuK+Br/QfPKTwkSlAmgsv4CIe5fgOO1o/NE6tiF1sptOdmDFaHQUOg4tf5YEcQ9qjZ0pEo02wCE74znrGWV8UgPdG5TVaGEo824kbHwFUef7/UpcJK7Nn0l2VROk2f7Y8CFE+r7blqTVU6VzS/R8mr3OtfJOdOUxoL8dDrDz8xBsqPS23PoNTsXMBw+oGsNKmbn4kA=="}^_^7ms,330ms,8ms^_^trace_id:0600bf82177676508608015342755305
26-04-21.17:51:27.009 [scheduling-1    ] INFO  NoPayNotifyOrderJob    - 任务：检测未接受到或未正确处理支付回调通知
26-04-21.17:51:27.237 [scheduling-1    ] ERROR err                    - ErrorScene^_^40004^_^ACQ.TRADE_NOT_EXIST^_^null^_^Windows 10^_^2026-04-21 17:51:27^_^ProtocalMustParams:charset=utf-8&method=alipay.trade.query&sign=csm7SK2VXi7Nj7WbiQ2qEQPmSVY1lEZTDA8jwD/0PX/eS/P64xBacIZyuhHLt+3IYSWcp+yV89XFAdI70FEuJb5RVL5pD1R1OP8kuAAoaj0H6jfXhRs4nGs+zL8XRdOiLZT5aQ8LpZAGST6eam6VJ76vTpRTcU9Z6hCse3R/UThpmaDt6SrPCbbDVRbA9M6YgJaUhKcUOB6Ncn6miofeaPkJ7K75aH+TDGY8p3+h6CqGtEkQwxd3R1Tr4HfWTGj1BVNRYdKI8QrUtT71JZfC6vH+V4CHA9iPUldi8ZEwl7NhgpYNbkL0fe75KlgxjpX6JxuW7i/aM/yXieaBbJ/8sA==&version=1.0&app_id=9021000159639472&sign_type=RSA2&timestamp=2026-04-21 17:51:27^_^ProtocalOptParams:alipay_sdk=alipay-sdk-java-4.38.157.ALL&format=json^_^ApplicationParams:traceId=060389ba17767650890892491294248&biz_content={"out_trade_no":"804431119492"}^_^Body:{"alipay_trade_query_response":{"msg":"Business Failed","code":"40004","out_trade_no":"804431119492","sub_msg":"交易不存在","sub_code":"ACQ.TRADE_NOT_EXIST","receipt_amount":"0.00","point_amount":"0.00","buyer_pay_amount":"0.00","invoice_amount":"0.00"},"sign":"KHMw8Uv/qAfySvlFt6aBehT7XOdBRZQmXhsBqD6jmLfATC9GN0Xee1QE/A9/M3kQRsvTeL3GlUT+47X1t/9qPCBuFNHWcIHRyS6JfNYWBWHPvrtNqv9bgq6wdrG9n+pmLLHjzgQQAwLTSa0YTuK+Br/QfPKTwkSlAmgsv4CIe5fgOO1o/NE6tiF1sptOdmDFaHQUOg4tf5YEcQ9qjZ0pEo02wCE74znrGWV8UgPdG5TVaGEo824kbHwFUef7/UpcJK7Nn0l2VROk2f7Y8CFE+r7blqTVU6VzS/R8mr3OtfJOdOUxoL8dDrDz8xBsqPS23PoNTsXMBw+oGsNKmbn4kA=="}^_^8ms,209ms,8ms^_^trace_id:060389ba17767650890892491294248
26-04-21.17:51:30.005 [scheduling-1    ] INFO  NoPayNotifyOrderJob    - 任务：检测未接受到或未正确处理支付回调通知
26-04-21.17:51:30.290 [scheduling-1    ] ERROR err                    - ErrorScene^_^40004^_^ACQ.TRADE_NOT_EXIST^_^null^_^Windows 10^_^2026-04-21 17:51:30^_^ProtocalMustParams:charset=utf-8&method=alipay.trade.query&sign=HnhVyig3zT7raO67PNcv1kBKLJsLFDeRkDNlysrAt6zy10f2FpDI22MdHUSAkdViWjSBj9ki8d1u5gYv14FJUdxpfqDhXETYYGJvSGivjpk01fQlLAazFUQr5jA+JfnCxZiJjqvEL661FU6uuEsYzVQWY1alF+qCd7MPadtJLCBLcBX6/Vn1pggd7Wpe3EEFFf2xAs7xn7VdbC/jVan96QCVpja0DcGMpSpH40P4tbtKoiZ5sCn8XESy/WVcNtjjUe2Ef3OI/qRuEieRcMJMPQmWmzIqpLlCJagl+d0OPOe8y8w64CuByGRCeoJz9oZLEXPG8VA9Hjb5siqvzkEhWw==&version=1.0&app_id=9021000159639472&sign_type=RSA2&timestamp=2026-04-21 17:51:30^_^ProtocalOptParams:alipay_sdk=alipay-sdk-java-4.38.157.ALL&format=json^_^ApplicationParams:traceId=0600bf82177676509207515762755305&biz_content={"out_trade_no":"804431119492"}^_^Body:{"alipay_trade_query_response":{"msg":"Business Failed","code":"40004","out_trade_no":"804431119492","sub_msg":"交易不存在","sub_code":"ACQ.TRADE_NOT_EXIST","receipt_amount":"0.00","point_amount":"0.00","buyer_pay_amount":"0.00","invoice_amount":"0.00"},"sign":"KHMw8Uv/qAfySvlFt6aBehT7XOdBRZQmXhsBqD6jmLfATC9GN0Xee1QE/A9/M3kQRsvTeL3GlUT+47X1t/9qPCBuFNHWcIHRyS6JfNYWBWHPvrtNqv9bgq6wdrG9n+pmLLHjzgQQAwLTSa0YTuK+Br/QfPKTwkSlAmgsv4CIe5fgOO1o/NE6tiF1sptOdmDFaHQUOg4tf5YEcQ9qjZ0pEo02wCE74znrGWV8UgPdG5TVaGEo824kbHwFUef7/UpcJK7Nn0l2VROk2f7Y8CFE+r7blqTVU6VzS/R8mr3OtfJOdOUxoL8dDrDz8xBsqPS23PoNTsXMBw+oGsNKmbn4kA=="}^_^8ms,265ms,11ms^_^trace_id:0600bf82177676509207515762755305
26-04-21.17:51:33.005 [scheduling-1    ] INFO  NoPayNotifyOrderJob    - 任务：检测未接受到或未正确处理支付回调通知
26-04-21.17:51:33.243 [scheduling-1    ] ERROR err                    - ErrorScene^_^40004^_^ACQ.TRADE_NOT_EXIST^_^null^_^Windows 10^_^2026-04-21 17:51:33^_^ProtocalMustParams:charset=utf-8&method=alipay.trade.query&sign=SgDfSzfk7zIPcSKo17w/nIPZAXHAWvXdcXsb8m7vMJAVYlXsCYFOM01twUHl3No5rRTVLI3Ro1YCxiEfdbJE/etMNPtM8Fh0ZtZoaifq0om7FfVndUs9URzOZjOgAEQhGU751CbY12hzN/XKnkM670VBXvb3dfjoSitXc5DxyQaLS33ydikj/DRjUHtwkClaRP45S9UUu7w4/LJmzkckW4Q8BNwYFk+JHouxLBLozvsiHJ9NTH5jgDM27bpw+NgAvqE8Sy1alcUBRBFQyYEDXrpprkrJjz1K+n8FuGG/hCF5zW28kEtWR5ayMiIOeTrUoPspnRJ5dads6DJSppzPVQ==&version=1.0&app_id=9021000159639472&sign_type=RSA2&timestamp=2026-04-21 17:51:33^_^ProtocalOptParams:alipay_sdk=alipay-sdk-java-4.38.157.ALL&format=json^_^ApplicationParams:traceId=06022404177676509508767581838482&biz_content={"out_trade_no":"804431119492"}^_^Body:{"alipay_trade_query_response":{"msg":"Business Failed","code":"40004","out_trade_no":"804431119492","sub_msg":"交易不存在","sub_code":"ACQ.TRADE_NOT_EXIST","receipt_amount":"0.00","point_amount":"0.00","buyer_pay_amount":"0.00","invoice_amount":"0.00"},"sign":"KHMw8Uv/qAfySvlFt6aBehT7XOdBRZQmXhsBqD6jmLfATC9GN0Xee1QE/A9/M3kQRsvTeL3GlUT+47X1t/9qPCBuFNHWcIHRyS6JfNYWBWHPvrtNqv9bgq6wdrG9n+pmLLHjzgQQAwLTSa0YTuK+Br/QfPKTwkSlAmgsv4CIe5fgOO1o/NE6tiF1sptOdmDFaHQUOg4tf5YEcQ9qjZ0pEo02wCE74znrGWV8UgPdG5TVaGEo824kbHwFUef7/UpcJK7Nn0l2VROk2f7Y8CFE+r7blqTVU6VzS/R8mr3OtfJOdOUxoL8dDrDz8xBsqPS23PoNTsXMBw+oGsNKmbn4kA=="}^_^9ms,219ms,9ms^_^trace_id:06022404177676509508767581838482
26-04-21.17:51:36.009 [scheduling-1    ] INFO  NoPayNotifyOrderJob    - 任务：检测未接受到或未正确处理支付回调通知
26-04-21.17:51:36.242 [scheduling-1    ] ERROR err                    - ErrorScene^_^40004^_^ACQ.TRADE_NOT_EXIST^_^null^_^Windows 10^_^2026-04-21 17:51:36^_^ProtocalMustParams:charset=utf-8&method=alipay.trade.query&sign=ToYyQ59a6WXCXpJ9Glsp8T6/iXymO6srQEQUz+/hyxBc6tAuJGYhQ9VG3m2Y9wpWVkJWWf99IREk5/4+ap/LFmnWyxHM3vOEK6+EL0DsoNuzfoI4f7KSaJNSUv2YAVFs6S9OWk8o6eNLMf5reAIssl8kZJGUXZUGqwAE59P9quLmjzCuXmisySeT9pUc9X5f7JINresSgQhWQChsu3015qxzyVkdy6RlgCYQuv+j4VsFmisv5bgqScAC7WKZH6LZduJIS4BWHMkXQoIjaAV25AU017abMDNeiKGP5+FqoEfg4t1RiafrQbeMSM/XCUJXOJ0NjggFgduylZg8R8I9pw==&version=1.0&app_id=9021000159639472&sign_type=RSA2&timestamp=2026-04-21 17:51:36^_^ProtocalOptParams:alipay_sdk=alipay-sdk-java-4.38.157.ALL&format=json^_^ApplicationParams:traceId=0600019a177676509808051971495119&biz_content={"out_trade_no":"804431119492"}^_^Body:{"alipay_trade_query_response":{"msg":"Business Failed","code":"40004","out_trade_no":"804431119492","sub_msg":"交易不存在","sub_code":"ACQ.TRADE_NOT_EXIST","receipt_amount":"0.00","point_amount":"0.00","buyer_pay_amount":"0.00","invoice_amount":"0.00"},"sign":"KHMw8Uv/qAfySvlFt6aBehT7XOdBRZQmXhsBqD6jmLfATC9GN0Xee1QE/A9/M3kQRsvTeL3GlUT+47X1t/9qPCBuFNHWcIHRyS6JfNYWBWHPvrtNqv9bgq6wdrG9n+pmLLHjzgQQAwLTSa0YTuK+Br/QfPKTwkSlAmgsv4CIe5fgOO1o/NE6tiF1sptOdmDFaHQUOg4tf5YEcQ9qjZ0pEo02wCE74znrGWV8UgPdG5TVaGEo824kbHwFUef7/UpcJK7Nn0l2VROk2f7Y8CFE+r7blqTVU6VzS/R8mr3OtfJOdOUxoL8dDrDz8xBsqPS23PoNTsXMBw+oGsNKmbn4kA=="}^_^9ms,216ms,8ms^_^trace_id:0600019a177676509808051971495119
26-04-21.17:51:39.010 [scheduling-1    ] INFO  NoPayNotifyOrderJob    - 任务：检测未接受到或未正确处理支付回调通知
26-04-21.17:51:39.261 [scheduling-1    ] ERROR err                    - ErrorScene^_^40004^_^ACQ.TRADE_NOT_EXIST^_^null^_^Windows 10^_^2026-04-21 17:51:39^_^ProtocalMustParams:charset=utf-8&method=alipay.trade.query&sign=D+w447HRrJpGPOI9SxKI5TtHe9AXGnbGSjM7EFrsTl9Xbs6FPycfqiOkXYNJZAI6+4wF2QyAbmW8odU2qzDFMYUXKFp9WGxlW3LwSZBnLxO7tgmrQ33D2YcBJBxqBy6eJKGFb+eDhe3sKB0veIiltn+HAUdZ7H4+eSFfvBXR2XBW17/QiMyjRm93KXc5beluAYYc5kjl3PmxW3mH8X3HrhFOgZlsbQbfPnJy2a+r6wxsjms6e8+Fi2mf2zNri1Zq68wbsYpHfWmR2+VUArQIOBTTBlLBvDjZ8q4vWJ85lKPyMtC6RoaxrZzTs50GHJhVsXNp0ujcaDSnMYlk0Bv0eg==&version=1.0&app_id=9021000159639472&sign_type=RSA2&timestamp=2026-04-21 17:51:39^_^ProtocalOptParams:alipay_sdk=alipay-sdk-java-4.38.157.ALL&format=json^_^ApplicationParams:traceId=06022404177676510108467891838482&biz_content={"out_trade_no":"804431119492"}^_^Body:{"alipay_trade_query_response":{"msg":"Business Failed","code":"40004","out_trade_no":"804431119492","sub_msg":"交易不存在","sub_code":"ACQ.TRADE_NOT_EXIST","receipt_amount":"0.00","point_amount":"0.00","buyer_pay_amount":"0.00","invoice_amount":"0.00"},"sign":"KHMw8Uv/qAfySvlFt6aBehT7XOdBRZQmXhsBqD6jmLfATC9GN0Xee1QE/A9/M3kQRsvTeL3GlUT+47X1t/9qPCBuFNHWcIHRyS6JfNYWBWHPvrtNqv9bgq6wdrG9n+pmLLHjzgQQAwLTSa0YTuK+Br/QfPKTwkSlAmgsv4CIe5fgOO1o/NE6tiF1sptOdmDFaHQUOg4tf5YEcQ9qjZ0pEo02wCE74znrGWV8UgPdG5TVaGEo824kbHwFUef7/UpcJK7Nn0l2VROk2f7Y8CFE+r7blqTVU6VzS/R8mr3OtfJOdOUxoL8dDrDz8xBsqPS23PoNTsXMBw+oGsNKmbn4kA=="}^_^8ms,234ms,8ms^_^trace_id:06022404177676510108467891838482
26-04-21.17:51:42.008 [scheduling-1    ] INFO  NoPayNotifyOrderJob    - 任务：检测未接受到或未正确处理支付回调通知
26-04-21.17:51:42.275 [scheduling-1    ] ERROR err                    - ErrorScene^_^40004^_^ACQ.TRADE_NOT_EXIST^_^null^_^Windows 10^_^2026-04-21 17:51:42^_^ProtocalMustParams:charset=utf-8&method=alipay.trade.query&sign=L8m9PPMmWBZ5paSolk9pzuEamILTj3HSPXJb2TAwJpClOBmvfCbl/M7K4occi1K4gXnaf1QK+VaZcbYluViZsoF3v4XpPDy3aGWzQSvAgY1OAidw+bxSTG4iYACmJufUCjIUIZYJvLb7npL1hR8jKFSi6DTUXtW2rP2vRjhY+wAt/+BpHXdX2u3zjMA247jqe36EFLmV+GRx05Ovg1edPOxJRIjvHgpmP1gO9Wh2os63pAUiyzZQuxtJNNXSt3tFBsBlHE4VMawBYU4QLh7ZAbyphjSp6N4PgUqslvCDmZYpr7ZqrC0jSyJAQMD99ORxHWAiPd/DZwBahzUgrUAXJQ==&version=1.0&app_id=9021000159639472&sign_type=RSA2&timestamp=2026-04-21 17:51:42^_^ProtocalOptParams:alipay_sdk=alipay-sdk-java-4.38.157.ALL&format=json^_^ApplicationParams:traceId=0600bf82177676510408016172755305&biz_content={"out_trade_no":"804431119492"}^_^Body:{"alipay_trade_query_response":{"msg":"Business Failed","code":"40004","out_trade_no":"804431119492","sub_msg":"交易不存在","sub_code":"ACQ.TRADE_NOT_EXIST","receipt_amount":"0.00","point_amount":"0.00","buyer_pay_amount":"0.00","invoice_amount":"0.00"},"sign":"KHMw8Uv/qAfySvlFt6aBehT7XOdBRZQmXhsBqD6jmLfATC9GN0Xee1QE/A9/M3kQRsvTeL3GlUT+47X1t/9qPCBuFNHWcIHRyS6JfNYWBWHPvrtNqv9bgq6wdrG9n+pmLLHjzgQQAwLTSa0YTuK+Br/QfPKTwkSlAmgsv4CIe5fgOO1o/NE6tiF1sptOdmDFaHQUOg4tf5YEcQ9qjZ0pEo02wCE74znrGWV8UgPdG5TVaGEo824kbHwFUef7/UpcJK7Nn0l2VROk2f7Y8CFE+r7blqTVU6VzS/R8mr3OtfJOdOUxoL8dDrDz8xBsqPS23PoNTsXMBw+oGsNKmbn4kA=="}^_^8ms,249ms,9ms^_^trace_id:0600bf82177676510408016172755305
26-04-21.17:51:45.008 [scheduling-1    ] INFO  NoPayNotifyOrderJob    - 任务：检测未接受到或未正确处理支付回调通知
26-04-21.17:51:45.246 [scheduling-1    ] ERROR err                    - ErrorScene^_^40004^_^ACQ.TRADE_NOT_EXIST^_^null^_^Windows 10^_^2026-04-21 17:51:45^_^ProtocalMustParams:charset=utf-8&method=alipay.trade.query&sign=Q2eWrnLzqfxGrMoZC/0jFhNNOX4Uqp1lys97xaACFtyA4oz+mjyDomt8PK4un1xtlG4+cV06clwtRcbOaPzCw4BQtrfZI+Xsgbu3sG0BQZTUA/x2SH8IxyD50Sh9Ha2rHySjiGpxT547cv6AawNsi8PxLBm30mbn4g7gp0NXDeLIff7fnh7aB8wX6J0CNbw8INkJLBHbyHQGnhCW6UDzLZucWpJTuEPfLrTs21Unh6HCqsXjB6pYsCrHN8tEr4lrDz8VeJgn7f5j/TUzxNLO14XqhE/MFPuwOOG9xNS4GPL5Jzm/0AIY9C4XVKy8m2OFygdjitGZYg8QWDGlT4cbdQ==&version=1.0&app_id=9021000159639472&sign_type=RSA2&timestamp=2026-04-21 17:51:45^_^ProtocalOptParams:alipay_sdk=alipay-sdk-java-4.38.157.ALL&format=json^_^ApplicationParams:traceId=0601ac3e177676510708916566638&biz_content={"out_trade_no":"804431119492"}^_^Body:{"alipay_trade_query_response":{"msg":"Business Failed","code":"40004","out_trade_no":"804431119492","sub_msg":"交易不存在","sub_code":"ACQ.TRADE_NOT_EXIST","receipt_amount":"0.00","point_amount":"0.00","buyer_pay_amount":"0.00","invoice_amount":"0.00"},"sign":"KHMw8Uv/qAfySvlFt6aBehT7XOdBRZQmXhsBqD6jmLfATC9GN0Xee1QE/A9/M3kQRsvTeL3GlUT+47X1t/9qPCBuFNHWcIHRyS6JfNYWBWHPvrtNqv9bgq6wdrG9n+pmLLHjzgQQAwLTSa0YTuK+Br/QfPKTwkSlAmgsv4CIe5fgOO1o/NE6tiF1sptOdmDFaHQUOg4tf5YEcQ9qjZ0pEo02wCE74znrGWV8UgPdG5TVaGEo824kbHwFUef7/UpcJK7Nn0l2VROk2f7Y8CFE+r7blqTVU6VzS/R8mr3OtfJOdOUxoL8dDrDz8xBsqPS23PoNTsXMBw+oGsNKmbn4kA=="}^_^8ms,223ms,6ms^_^trace_id:0601ac3e177676510708916566638
26-04-21.17:51:48.011 [scheduling-1    ] INFO  NoPayNotifyOrderJob    - 任务：检测未接受到或未正确处理支付回调通知
26-04-21.17:51:48.250 [scheduling-1    ] ERROR err                    - ErrorScene^_^40004^_^ACQ.TRADE_NOT_EXIST^_^null^_^Windows 10^_^2026-04-21 17:51:48^_^ProtocalMustParams:charset=utf-8&method=alipay.trade.query&sign=avANQsEEifk5Nrn0KgCiY03qWbXCej0H7irt9nDCEFWl/ewaoS7fNtGPCfsqGeyts3L1iagMsbyQtFQPiLITHz5eS/wPo84BblaELRvMAJM2KvReuOf3B/ArTogsWo/PJTZA/eihFGqA498iv5ketSx3iLJYdNBriF5Vo5TeHBwP0tlMsVlHN1uMkn65VJ+gvxPE6UNyHPRJ/rkUHjK1mm6ZopdTvx/jqjhjAuDutLLjQPmdoIR+L3F09e5NuhGzQRlDR6+DnDkRoVxc4xbHUBn6QYBDZ19bbbN0fmT0zJu1tkTejqN4gDOQcod1u/UEtMgWDrAKuP6F4wGZ0hn3eA==&version=1.0&app_id=9021000159639472&sign_type=RSA2&timestamp=2026-04-21 17:51:48^_^ProtocalOptParams:alipay_sdk=alipay-sdk-java-4.38.157.ALL&format=json^_^ApplicationParams:traceId=0601ac3e177676511009116656638&biz_content={"out_trade_no":"804431119492"}^_^Body:{"alipay_trade_query_response":{"msg":"Business Failed","code":"40004","out_trade_no":"804431119492","sub_msg":"交易不存在","sub_code":"ACQ.TRADE_NOT_EXIST","receipt_amount":"0.00","point_amount":"0.00","buyer_pay_amount":"0.00","invoice_amount":"0.00"},"sign":"KHMw8Uv/qAfySvlFt6aBehT7XOdBRZQmXhsBqD6jmLfATC9GN0Xee1QE/A9/M3kQRsvTeL3GlUT+47X1t/9qPCBuFNHWcIHRyS6JfNYWBWHPvrtNqv9bgq6wdrG9n+pmLLHjzgQQAwLTSa0YTuK+Br/QfPKTwkSlAmgsv4CIe5fgOO1o/NE6tiF1sptOdmDFaHQUOg4tf5YEcQ9qjZ0pEo02wCE74znrGWV8UgPdG5TVaGEo824kbHwFUef7/UpcJK7Nn0l2VROk2f7Y8CFE+r7blqTVU6VzS/R8mr3OtfJOdOUxoL8dDrDz8xBsqPS23PoNTsXMBw+oGsNKmbn4kA=="}^_^8ms,221ms,9ms^_^trace_id:0601ac3e177676511009116656638
26-04-21.17:51:51.011 [scheduling-1    ] INFO  NoPayNotifyOrderJob    - 任务：检测未接受到或未正确处理支付回调通知
26-04-21.17:51:51.294 [scheduling-1    ] ERROR err                    - ErrorScene^_^40004^_^ACQ.TRADE_NOT_EXIST^_^null^_^Windows 10^_^2026-04-21 17:51:51^_^ProtocalMustParams:charset=utf-8&method=alipay.trade.query&sign=G+OV2BQ/Rl0mlVrA1NDUnDrZFNO/yH+n0AtfD9J7qY3Qmn01eGjFp9keTt/AHKa+DMxQRlhCxnFPmZSFqfHxF4D6I+6lCCzJ2ZDYm1PplRaq2zTser3y86cxssTAwWAweSLkjRjkMgGWwPiBdPbPX+dZjzul2RqLn5K6OpSzVxu1wj//n4EKdJo4hNl02obIav4wiYTXyoSesEbAXLYm5dX4C+CeEVl78zP5nbTqhvOPYfuaP7FzOFivQjaNMC8FysJT4kCnsyGaoR1ladB+EPQNxypQL7BrF1VlpNQt3wtoaffeqj530aoLDQ6VyE6tYe2SUQIaJIYrXwf+aOVc3Q==&version=1.0&app_id=9021000159639472&sign_type=RSA2&timestamp=2026-04-21 17:51:51^_^ProtocalOptParams:alipay_sdk=alipay-sdk-java-4.38.157.ALL&format=json^_^ApplicationParams:traceId=0601d58b177676511308156171828226&biz_content={"out_trade_no":"804431119492"}^_^Body:{"alipay_trade_query_response":{"msg":"Business Failed","code":"40004","out_trade_no":"804431119492","sub_msg":"交易不存在","sub_code":"ACQ.TRADE_NOT_EXIST","receipt_amount":"0.00","point_amount":"0.00","buyer_pay_amount":"0.00","invoice_amount":"0.00"},"sign":"KHMw8Uv/qAfySvlFt6aBehT7XOdBRZQmXhsBqD6jmLfATC9GN0Xee1QE/A9/M3kQRsvTeL3GlUT+47X1t/9qPCBuFNHWcIHRyS6JfNYWBWHPvrtNqv9bgq6wdrG9n+pmLLHjzgQQAwLTSa0YTuK+Br/QfPKTwkSlAmgsv4CIe5fgOO1o/NE6tiF1sptOdmDFaHQUOg4tf5YEcQ9qjZ0pEo02wCE74znrGWV8UgPdG5TVaGEo824kbHwFUef7/UpcJK7Nn0l2VROk2f7Y8CFE+r7blqTVU6VzS/R8mr3OtfJOdOUxoL8dDrDz8xBsqPS23PoNTsXMBw+oGsNKmbn4kA=="}^_^8ms,265ms,8ms^_^trace_id:0601d58b177676511308156171828226
26-04-21.17:51:54.006 [scheduling-1    ] INFO  NoPayNotifyOrderJob    - 任务：检测未接受到或未正确处理支付回调通知
26-04-21.17:51:54.267 [scheduling-1    ] ERROR err                    - ErrorScene^_^40004^_^ACQ.TRADE_NOT_EXIST^_^null^_^Windows 10^_^2026-04-21 17:51:54^_^ProtocalMustParams:charset=utf-8&method=alipay.trade.query&sign=MHWyLtYMaWylX74v6otXxNu0n/rM2EYhuTW9eVP3fCMQL+8VlYtXuqJ7iGoI4jHc1nTs0pfHnE/Vm8TOMc+JkFY+w7XCEs2lD7qyYRPUDTFqTjjr4Q316ual1BsWPIV2KBjlE9maUfkX4Xd721Vp8XDAQLC2fnI3T6kYEG90oAHdAbau334HcDZ/h+Idb5oQKvDTdWpe3AGqmWVQO/xk98aodqhGbqDqbuzjA0WakjPQseYCluvo62dg6rv0j1wkiXe2EMs61aHJDDz9vEweoGdR3VpZhl1O+hJI3rHp6KksE2GFmw+Y568MlGkf4gzARpNW87k8h7QzDbvmbjTc3Q==&version=1.0&app_id=9021000159639472&sign_type=RSA2&timestamp=2026-04-21 17:51:54^_^ProtocalOptParams:alipay_sdk=alipay-sdk-java-4.38.157.ALL&format=json^_^ApplicationParams:traceId=060389ba17767651160732622294248&biz_content={"out_trade_no":"804431119492"}^_^Body:{"alipay_trade_query_response":{"msg":"Business Failed","code":"40004","out_trade_no":"804431119492","sub_msg":"交易不存在","sub_code":"ACQ.TRADE_NOT_EXIST","receipt_amount":"0.00","point_amount":"0.00","buyer_pay_amount":"0.00","invoice_amount":"0.00"},"sign":"KHMw8Uv/qAfySvlFt6aBehT7XOdBRZQmXhsBqD6jmLfATC9GN0Xee1QE/A9/M3kQRsvTeL3GlUT+47X1t/9qPCBuFNHWcIHRyS6JfNYWBWHPvrtNqv9bgq6wdrG9n+pmLLHjzgQQAwLTSa0YTuK+Br/QfPKTwkSlAmgsv4CIe5fgOO1o/NE6tiF1sptOdmDFaHQUOg4tf5YEcQ9qjZ0pEo02wCE74znrGWV8UgPdG5TVaGEo824kbHwFUef7/UpcJK7Nn0l2VROk2f7Y8CFE+r7blqTVU6VzS/R8mr3OtfJOdOUxoL8dDrDz8xBsqPS23PoNTsXMBw+oGsNKmbn4kA=="}^_^7ms,246ms,7ms^_^trace_id:060389ba17767651160732622294248
26-04-21.17:51:57.008 [scheduling-1    ] INFO  NoPayNotifyOrderJob    - 任务：检测未接受到或未正确处理支付回调通知
26-04-21.17:51:57.304 [scheduling-1    ] ERROR err                    - ErrorScene^_^40004^_^ACQ.TRADE_NOT_EXIST^_^null^_^Windows 10^_^2026-04-21 17:51:57^_^ProtocalMustParams:charset=utf-8&method=alipay.trade.query&sign=P/ix/Z7BID5vWhn+YtsaUfUoSVIDHVuzpfqQKYWUKesvI6Xu7Tzz3M2DL4cT6WLZ8AUNSJSG0WCbYZ0s38+Nf0+fmb4kA6KCvc2A7OpUOZlg4qO9FYVCqa60xqMT8vBclLK+qTJSboYy9LKr6NHeKvZGO30+o+jA8QyPrvD7Doo1J5YiVP0KFDbFZyRTf2E6Pv8zS9T5AvIGsyOrYccANGaJaKjw2gD10jcg4+MdRsST1ouf2L9b+RSDE/l+nspIf6R79U0IR2UOUkB8Sh77utkJ0EGiAva5lwjmUCLchn0ijOjSamQE4XKJxwpxCR5BtTtjyTKiNuJ5UKNZcQ20Zg==&version=1.0&app_id=9021000159639472&sign_type=RSA2&timestamp=2026-04-21 17:51:57^_^ProtocalOptParams:alipay_sdk=alipay-sdk-java-4.38.157.ALL&format=json^_^ApplicationParams:traceId=0600bf82177676511908516842755305&biz_content={"out_trade_no":"804431119492"}^_^Body:{"alipay_trade_query_response":{"msg":"Business Failed","code":"40004","out_trade_no":"804431119492","sub_msg":"交易不存在","sub_code":"ACQ.TRADE_NOT_EXIST","receipt_amount":"0.00","point_amount":"0.00","buyer_pay_amount":"0.00","invoice_amount":"0.00"},"sign":"KHMw8Uv/qAfySvlFt6aBehT7XOdBRZQmXhsBqD6jmLfATC9GN0Xee1QE/A9/M3kQRsvTeL3GlUT+47X1t/9qPCBuFNHWcIHRyS6JfNYWBWHPvrtNqv9bgq6wdrG9n+pmLLHjzgQQAwLTSa0YTuK+Br/QfPKTwkSlAmgsv4CIe5fgOO1o/NE6tiF1sptOdmDFaHQUOg4tf5YEcQ9qjZ0pEo02wCE74znrGWV8UgPdG5TVaGEo824kbHwFUef7/UpcJK7Nn0l2VROk2f7Y8CFE+r7blqTVU6VzS/R8mr3OtfJOdOUxoL8dDrDz8xBsqPS23PoNTsXMBw+oGsNKmbn4kA=="}^_^8ms,279ms,7ms^_^trace_id:0600bf82177676511908516842755305
26-04-21.17:52:00.006 [scheduling-1    ] INFO  NoPayNotifyOrderJob    - 任务：检测未接受到或未正确处理支付回调通知
26-04-21.17:52:00.238 [scheduling-1    ] ERROR err                    - ErrorScene^_^40004^_^ACQ.TRADE_NOT_EXIST^_^null^_^Windows 10^_^2026-04-21 17:52:00^_^ProtocalMustParams:charset=utf-8&method=alipay.trade.query&sign=cVODIRLT2WtYdbBkzPkQF1Wsx16hrT9v0KSV5vl/rYVkoo5GKtd60tLIUWOKS/zDUV9611WQXlQAQ6ET2gQqg27RY+NenY5zZl4vIclWB2hNDUE9blnLNR02o0I+ydel9lao22Pp+iaqadK8XngoZdPF5uNiIAkSLdHXXS68WXAEnzeU9iDDxs4qlfkZLal+7+253/He4vnG22BWQnoYfWPo3EWyJB40+lq83lXUQd3Wi5Hqruz3WU6AO0tIvWVeHxiqXUEw4O0pPe/C5Dsou86pzuvaZ6Vg1lFhUfSMtuaYmEpCVmrSQfj6ILHtvYmOSDFQb06+wms9aeoxG/OzoA==&version=1.0&app_id=9021000159639472&sign_type=RSA2&timestamp=2026-04-21 17:52:00^_^ProtocalOptParams:alipay_sdk=alipay-sdk-java-4.38.157.ALL&format=json^_^ApplicationParams:traceId=060389ba17767651220952669294248&biz_content={"out_trade_no":"804431119492"}^_^Body:{"alipay_trade_query_response":{"msg":"Business Failed","code":"40004","out_trade_no":"804431119492","sub_msg":"交易不存在","sub_code":"ACQ.TRADE_NOT_EXIST","receipt_amount":"0.00","point_amount":"0.00","buyer_pay_amount":"0.00","invoice_amount":"0.00"},"sign":"KHMw8Uv/qAfySvlFt6aBehT7XOdBRZQmXhsBqD6jmLfATC9GN0Xee1QE/A9/M3kQRsvTeL3GlUT+47X1t/9qPCBuFNHWcIHRyS6JfNYWBWHPvrtNqv9bgq6wdrG9n+pmLLHjzgQQAwLTSa0YTuK+Br/QfPKTwkSlAmgsv4CIe5fgOO1o/NE6tiF1sptOdmDFaHQUOg4tf5YEcQ9qjZ0pEo02wCE74znrGWV8UgPdG5TVaGEo824kbHwFUef7/UpcJK7Nn0l2VROk2f7Y8CFE+r7blqTVU6VzS/R8mr3OtfJOdOUxoL8dDrDz8xBsqPS23PoNTsXMBw+oGsNKmbn4kA=="}^_^7ms,214ms,8ms^_^trace_id:060389ba17767651220952669294248
26-04-21.17:52:03.002 [scheduling-1    ] INFO  NoPayNotifyOrderJob    - 任务：检测未接受到或未正确处理支付回调通知
26-04-21.17:52:03.225 [scheduling-1    ] ERROR err                    - ErrorScene^_^40004^_^ACQ.TRADE_NOT_EXIST^_^null^_^Windows 10^_^2026-04-21 17:52:03^_^ProtocalMustParams:charset=utf-8&method=alipay.trade.query&sign=Ta+RxTJJcDkyMEVPWQKKsFLVyNrLihCIC6kHG4r3VCVqgJclxUXnM803KN8VDxYY9IjoMbP0EFuTnVCrfaX8VT/X16vt1x3HHYqo1r24ee5BIqNTdE27xpI6pRtY7PXovP9CS0k+9/hh5fyo8YebU4cWpEojuA9Z6hUMby4ZjFiB8/ryzo752dW6Z1LZdPvXwLDh29nHqfOOD2pjJifUeGQapy3zcsT0Ey3CsR2Y93rXmsLv3S8e+OMiC2nfxC03n7N95AYHaltu6ZbhhLO2/Ztbhj5gIdB1TnDEVHf/kIKoYbqrltLC54A8RjGIgWGJOd2jPKfjgeT3eq7upLhdCQ==&version=1.0&app_id=9021000159639472&sign_type=RSA2&timestamp=2026-04-21 17:52:03^_^ProtocalOptParams:alipay_sdk=alipay-sdk-java-4.38.157.ALL&format=json^_^ApplicationParams:traceId=06022404177676512506969051838482&biz_content={"out_trade_no":"804431119492"}^_^Body:{"alipay_trade_query_response":{"msg":"Business Failed","code":"40004","out_trade_no":"804431119492","sub_msg":"交易不存在","sub_code":"ACQ.TRADE_NOT_EXIST","receipt_amount":"0.00","point_amount":"0.00","buyer_pay_amount":"0.00","invoice_amount":"0.00"},"sign":"KHMw8Uv/qAfySvlFt6aBehT7XOdBRZQmXhsBqD6jmLfATC9GN0Xee1QE/A9/M3kQRsvTeL3GlUT+47X1t/9qPCBuFNHWcIHRyS6JfNYWBWHPvrtNqv9bgq6wdrG9n+pmLLHjzgQQAwLTSa0YTuK+Br/QfPKTwkSlAmgsv4CIe5fgOO1o/NE6tiF1sptOdmDFaHQUOg4tf5YEcQ9qjZ0pEo02wCE74znrGWV8UgPdG5TVaGEo824kbHwFUef7/UpcJK7Nn0l2VROk2f7Y8CFE+r7blqTVU6VzS/R8mr3OtfJOdOUxoL8dDrDz8xBsqPS23PoNTsXMBw+oGsNKmbn4kA=="}^_^8ms,204ms,10ms^_^trace_id:06022404177676512506969051838482
26-04-21.17:52:06.002 [scheduling-1    ] INFO  NoPayNotifyOrderJob    - 任务：检测未接受到或未正确处理支付回调通知
26-04-21.17:52:06.206 [scheduling-1    ] ERROR err                    - ErrorScene^_^40004^_^ACQ.TRADE_NOT_EXIST^_^null^_^Windows 10^_^2026-04-21 17:52:06^_^ProtocalMustParams:charset=utf-8&method=alipay.trade.query&sign=cOyI7JWzcdJYXOO7zDQVVW0JlJNbSVtUns2y3BGuLNlc2hMHHDn1sKVoJOCCJfLL1fyny0zSuWG8dOlNvB26BYGiA7ol0mwX0ZJIkjoDpdw71XkgpVtBBIGN7H1MDVMHMIAbxxqRTISjYOtn7QfbO6Qe42JztQeFaZtb0NK+w4g+YWD1zaA55IM1C4Zb0HI5h71wSs7WED4E0Jm6Mw5d6zK5TVBzfpNWY7PHibLGbF5PN4H99YD8Kqw37/caaVcETvXMNe0wTa+zbTYHgHmKF+CqjUckQqvdLcQdof1xH9uOSokaxhVGBiHMV4qKRmXgTgHY9WYgryXvGPNTB2LmVw==&version=1.0&app_id=9021000159639472&sign_type=RSA2&timestamp=2026-04-21 17:52:06^_^ProtocalOptParams:alipay_sdk=alipay-sdk-java-4.38.157.ALL&format=json^_^ApplicationParams:traceId=060389ba17767651280772687294248&biz_content={"out_trade_no":"804431119492"}^_^Body:{"alipay_trade_query_response":{"msg":"Business Failed","code":"40004","out_trade_no":"804431119492","sub_msg":"交易不存在","sub_code":"ACQ.TRADE_NOT_EXIST","receipt_amount":"0.00","point_amount":"0.00","buyer_pay_amount":"0.00","invoice_amount":"0.00"},"sign":"KHMw8Uv/qAfySvlFt6aBehT7XOdBRZQmXhsBqD6jmLfATC9GN0Xee1QE/A9/M3kQRsvTeL3GlUT+47X1t/9qPCBuFNHWcIHRyS6JfNYWBWHPvrtNqv9bgq6wdrG9n+pmLLHjzgQQAwLTSa0YTuK+Br/QfPKTwkSlAmgsv4CIe5fgOO1o/NE6tiF1sptOdmDFaHQUOg4tf5YEcQ9qjZ0pEo02wCE74znrGWV8UgPdG5TVaGEo824kbHwFUef7/UpcJK7Nn0l2VROk2f7Y8CFE+r7blqTVU6VzS/R8mr3OtfJOdOUxoL8dDrDz8xBsqPS23PoNTsXMBw+oGsNKmbn4kA=="}^_^7ms,187ms,8ms^_^trace_id:060389ba17767651280772687294248
26-04-21.17:52:09.009 [scheduling-1    ] INFO  NoPayNotifyOrderJob    - 任务：检测未接受到或未正确处理支付回调通知
26-04-21.17:52:24.038 [scheduling-1    ] ERROR err                    - 2026-04-21 17:52:24^_^alipay.trade.query^_^null^_^172.22.22.159^_^Windows 10^_^alipay-sdk-java-4.38.157.ALL^_^https://openapi-sandbox.dl.alipaydev.com/gateway.do?charset=utf-8&method=alipay.trade.query&sign=aqvQgI%2BB4dlHewCMxV4EKGeHMeJrr9BzSK0x%2FhGL25s9KospcMkngmkUXU5r0Euk3LXHUavEvBdE5yybR7gb4c49eBHaza8o2oBiNjLOI9Jnrvc%2F8lMlhldZZFphFgZ26mXqhQ1ZFRauLSn6ovaZn358H3GMWYENYCaGMwpHH3U2ui0%2FFruflkgmZj65aaX0HsTN2kmkwIfqqncVMWhCrTWQrwyv%2Fok5lOGBNlItvQs0YGV7lMcKsNQzn%2FRj74y7ijSCLuDvLv16LnzHIQP0vwOJMGR%2FucYPlscxlrKfZaMX5q16qkcgRVC6sIAw%2FtYX7o7hj4B2KyIbluZHwCSXsQ%3D%3D&version=1.0&app_id=9021000159639472&sign_type=RSA2&timestamp=2026-04-21+17%3A52%3A09&alipay_sdk=alipay-sdk-java-4.38.157.ALL&format=json^_^^_^Read timed out
26-04-21.17:52:24.039 [scheduling-1    ] ERROR NoPayNotifyOrderJob    - 定时任务，超时15分钟订单关闭失败
com.alipay.api.AlipayApiException: java.net.SocketTimeoutException: Read timed out
	at com.alipay.api.AbstractAlipayClient.doPost(AbstractAlipayClient.java:1015)
	at com.alipay.api.AbstractAlipayClient._execute(AbstractAlipayClient.java:921)
	at com.alipay.api.AbstractAlipayClient.execute(AbstractAlipayClient.java:395)
	at com.alipay.api.AbstractAlipayClient.execute(AbstractAlipayClient.java:377)
	at com.alipay.api.AbstractAlipayClient.execute(AbstractAlipayClient.java:372)
	at com.alipay.api.AbstractAlipayClient.execute(AbstractAlipayClient.java:366)
	at top.daoha.trigger.job.NoPayNotifyOrderJob.exec(NoPayNotifyOrderJob.java:44)
	at jdk.internal.reflect.GeneratedMethodAccessor7.invoke(Unknown Source)
	at java.base/jdk.internal.reflect.DelegatingMethodAccessorImpl.invoke(DelegatingMethodAccessorImpl.java:43)
	at java.base/java.lang.reflect.Method.invoke(Method.java:568)
	at org.springframework.scheduling.support.ScheduledMethodRunnable.run(ScheduledMethodRunnable.java:84)
	at org.springframework.scheduling.support.DelegatingErrorHandlingRunnable.run(DelegatingErrorHandlingRunnable.java:54)
	at org.springframework.scheduling.concurrent.ReschedulingRunnable.run(ReschedulingRunnable.java:95)
	at java.base/java.util.concurrent.Executors$RunnableAdapter.call(Executors.java:539)
	at java.base/java.util.concurrent.FutureTask.run(FutureTask.java:264)
	at java.base/java.util.concurrent.ScheduledThreadPoolExecutor$ScheduledFutureTask.run(ScheduledThreadPoolExecutor.java:304)
	at java.base/java.util.concurrent.ThreadPoolExecutor.runWorker(ThreadPoolExecutor.java:1136)
	at java.base/java.util.concurrent.ThreadPoolExecutor$Worker.run(ThreadPoolExecutor.java:635)
	at java.base/java.lang.Thread.run(Thread.java:833)
Caused by: java.net.SocketTimeoutException: Read timed out
	at java.base/jdk.internal.reflect.NativeConstructorAccessorImpl.newInstance0(Native Method)
	at java.base/jdk.internal.reflect.NativeConstructorAccessorImpl.newInstance(NativeConstructorAccessorImpl.java:77)
	at java.base/jdk.internal.reflect.DelegatingConstructorAccessorImpl.newInstance(DelegatingConstructorAccessorImpl.java:45)
	at java.base/java.lang.reflect.Constructor.newInstanceWithCaller(Constructor.java:499)
	at java.base/java.lang.reflect.Constructor.newInstance(Constructor.java:480)
	at java.base/sun.net.www.protocol.http.HttpURLConnection$10.run(HttpURLConnection.java:2048)
	at java.base/sun.net.www.protocol.http.HttpURLConnection$10.run(HttpURLConnection.java:2043)
	at java.base/java.security.AccessController.doPrivileged(AccessController.java:569)
	at java.base/sun.net.www.protocol.http.HttpURLConnection.getChainedException(HttpURLConnection.java:2042)
	at java.base/sun.net.www.protocol.http.HttpURLConnection.getInputStream0(HttpURLConnection.java:1609)
	at java.base/sun.net.www.protocol.http.HttpURLConnection.getInputStream(HttpURLConnection.java:1589)
	at java.base/sun.net.www.protocol.https.HttpsURLConnectionImpl.getInputStream(HttpsURLConnectionImpl.java:224)
	at com.alipay.api.internal.util.WebUtils.getResponseAsString(WebUtils.java:514)
	at com.alipay.api.internal.util.WebUtils.doPost(WebUtils.java:181)
	at com.alipay.api.internal.util.WebUtils.doPost(WebUtils.java:142)
	at com.alipay.api.AbstractAlipayClient.doPost(AbstractAlipayClient.java:1003)
	... 18 common frames omitted
Caused by: java.net.SocketTimeoutException: Read timed out
	at java.base/sun.nio.ch.NioSocketImpl.timedRead(NioSocketImpl.java:283)
	at java.base/sun.nio.ch.NioSocketImpl.implRead(NioSocketImpl.java:309)
	at java.base/sun.nio.ch.NioSocketImpl.read(NioSocketImpl.java:350)
	at java.base/sun.nio.ch.NioSocketImpl$1.read(NioSocketImpl.java:803)
	at java.base/java.net.Socket$SocketInputStream.read(Socket.java:966)
	at java.base/sun.security.ssl.SSLSocketInputRecord.read(SSLSocketInputRecord.java:478)
	at java.base/sun.security.ssl.SSLSocketInputRecord.readHeader(SSLSocketInputRecord.java:472)
	at java.base/sun.security.ssl.SSLSocketInputRecord.bytesInCompletePacket(SSLSocketInputRecord.java:70)
	at java.base/sun.security.ssl.SSLSocketImpl.readApplicationRecord(SSLSocketImpl.java:1455)
	at java.base/sun.security.ssl.SSLSocketImpl$AppInputStream.read(SSLSocketImpl.java:1059)
	at java.base/java.io.BufferedInputStream.fill(BufferedInputStream.java:244)
	at java.base/java.io.BufferedInputStream.read1(BufferedInputStream.java:284)
	at java.base/java.io.BufferedInputStream.read(BufferedInputStream.java:343)
	at java.base/sun.net.www.http.HttpClient.parseHTTPHeader(HttpClient.java:791)
	at java.base/sun.net.www.http.HttpClient.parseHTTP(HttpClient.java:726)
	at java.base/sun.net.www.protocol.http.HttpURLConnection.getInputStream0(HttpURLConnection.java:1688)
	at java.base/sun.net.www.protocol.http.HttpURLConnection.getInputStream(HttpURLConnection.java:1589)
	at java.base/sun.net.www.protocol.http.HttpURLConnection.getHeaderField(HttpURLConnection.java:3221)
	at java.base/java.net.URLConnection.getContentType(URLConnection.java:520)
	at java.base/sun.net.www.protocol.https.HttpsURLConnectionImpl.getContentType(HttpsURLConnectionImpl.java:376)
	at com.alipay.api.internal.util.WebUtils.getResponseAsString(WebUtils.java:506)
	... 21 common frames omitted
26-04-21.17:52:27.006 [scheduling-1    ] INFO  NoPayNotifyOrderJob    - 任务：检测未接受到或未正确处理支付回调通知
26-04-21.17:52:27.448 [scheduling-1    ] ERROR err                    - ErrorScene^_^40004^_^ACQ.TRADE_NOT_EXIST^_^172.22.22.159^_^Windows 10^_^2026-04-21 17:52:27^_^ProtocalMustParams:charset=utf-8&method=alipay.trade.query&sign=BpxnIV/3+PYJYu8p40hmLmhNO0RbIbKhRJ7P99cUNE3nwkUwTf+J5KOPK7tiCOJx6tAA5lr0a1EIhzKtOGidCeoFC+/EPFqzwvYDblAactPbyMWfUVmnIxU+bo9ADx8/w7reMLRlOW0S6tdq70Cgcncg4Fxm9q1+gudUU2GaGUde9hFu+VTjFyHxs9Qr1C/PN1OGfOt4OV9ePbJikAb4KyEl1d9P7KLMZDDQWzrMgYJReoQO5tYTOR5qrjGU4+wmiwRGPR7nSjcr7IPmEaMD49ww0x+OenkQ93GfGNBDWth/BWkcividxz0JT7qrskHn9WLkPzCnWBSX9FUO/TryCw==&version=1.0&app_id=9021000159639472&sign_type=RSA2&timestamp=2026-04-21 17:52:27^_^ProtocalOptParams:alipay_sdk=alipay-sdk-java-4.38.157.ALL&format=json^_^ApplicationParams:traceId=0601d58b177676514926057821828226&biz_content={"out_trade_no":"804431119492"}^_^Body:{"alipay_trade_query_response":{"msg":"Business Failed","code":"40004","out_trade_no":"804431119492","sub_msg":"交易不存在","sub_code":"ACQ.TRADE_NOT_EXIST","receipt_amount":"0.00","point_amount":"0.00","buyer_pay_amount":"0.00","invoice_amount":"0.00"},"sign":"KHMw8Uv/qAfySvlFt6aBehT7XOdBRZQmXhsBqD6jmLfATC9GN0Xee1QE/A9/M3kQRsvTeL3GlUT+47X1t/9qPCBuFNHWcIHRyS6JfNYWBWHPvrtNqv9bgq6wdrG9n+pmLLHjzgQQAwLTSa0YTuK+Br/QfPKTwkSlAmgsv4CIe5fgOO1o/NE6tiF1sptOdmDFaHQUOg4tf5YEcQ9qjZ0pEo02wCE74znrGWV8UgPdG5TVaGEo824kbHwFUef7/UpcJK7Nn0l2VROk2f7Y8CFE+r7blqTVU6VzS/R8mr3OtfJOdOUxoL8dDrDz8xBsqPS23PoNTsXMBw+oGsNKmbn4kA=="}^_^7ms,426ms,8ms^_^trace_id:0601d58b177676514926057821828226
26-04-21.17:52:30.011 [scheduling-1    ] INFO  NoPayNotifyOrderJob    - 任务：检测未接受到或未正确处理支付回调通知
26-04-21.17:52:30.308 [scheduling-1    ] ERROR err                    - ErrorScene^_^40004^_^ACQ.TRADE_NOT_EXIST^_^172.22.22.159^_^Windows 10^_^2026-04-21 17:52:30^_^ProtocalMustParams:charset=utf-8&method=alipay.trade.query&sign=DFlypK9hQJ8UQO86bQPVKRsRS6J9NCwZGeHASztUsFOHKZi3zBTkyVjGZ/ORdykVtGijD+vhySBwz623eQHs7TWIjGbqI8p2y2Cgsp9DGQjRahthk81qzl8GVL30VQJNF7hKu9ODgRPEJA8WUD/Dyj2wtshbkT2HpZPbVvyARkSvgCj8p/4+9r130QEbI2tktuF6IXBx2T/jnsKi2a8hrZ+W1HGg9YYXyd/R0xBqSxorNdEoE2BHj4+xOjWlM91k59kCIgIXIo+JLVYgPWm4tq6/hSInoopxtOg0mGUItl69ahVw7PtzBkuIbS8wJZV4cwbWojarmC4GqPD3X8Y6QQ==&version=1.0&app_id=9021000159639472&sign_type=RSA2&timestamp=2026-04-21 17:52:30^_^ProtocalOptParams:alipay_sdk=alipay-sdk-java-4.38.157.ALL&format=json^_^ApplicationParams:traceId=0600019a177676515207854251495119&biz_content={"out_trade_no":"804431119492"}^_^Body:{"alipay_trade_query_response":{"msg":"Business Failed","code":"40004","out_trade_no":"804431119492","sub_msg":"交易不存在","sub_code":"ACQ.TRADE_NOT_EXIST","receipt_amount":"0.00","point_amount":"0.00","buyer_pay_amount":"0.00","invoice_amount":"0.00"},"sign":"KHMw8Uv/qAfySvlFt6aBehT7XOdBRZQmXhsBqD6jmLfATC9GN0Xee1QE/A9/M3kQRsvTeL3GlUT+47X1t/9qPCBuFNHWcIHRyS6JfNYWBWHPvrtNqv9bgq6wdrG9n+pmLLHjzgQQAwLTSa0YTuK+Br/QfPKTwkSlAmgsv4CIe5fgOO1o/NE6tiF1sptOdmDFaHQUOg4tf5YEcQ9qjZ0pEo02wCE74znrGWV8UgPdG5TVaGEo824kbHwFUef7/UpcJK7Nn0l2VROk2f7Y8CFE+r7blqTVU6VzS/R8mr3OtfJOdOUxoL8dDrDz8xBsqPS23PoNTsXMBw+oGsNKmbn4kA=="}^_^8ms,279ms,9ms^_^trace_id:0600019a177676515207854251495119
26-04-21.17:52:33.004 [scheduling-1    ] INFO  NoPayNotifyOrderJob    - 任务：检测未接受到或未正确处理支付回调通知
26-04-21.17:52:33.241 [scheduling-1    ] ERROR err                    - ErrorScene^_^40004^_^ACQ.TRADE_NOT_EXIST^_^172.22.22.159^_^Windows 10^_^2026-04-21 17:52:33^_^ProtocalMustParams:charset=utf-8&method=alipay.trade.query&sign=OKXbVc3NDK51P+RrMyLfPaBHcDYWbGFjxvT3ZVCtYEPtvWFNq/MRyY77ptumieGLR7N4PPtoTBchDz206sVFMjNZZ0H7jvd74mHlWVDEJjcPogp/Dz5TXZTL/9DI+YlNTayqJ9w6GwzrOGGVZF5HGokTzRR0tZ2jhXfmBU/H4uBA+f7F7AkkKOuhdtaWye3b7E/cvRpkGB04PpLq+AnM5gr5U6aVUc+eQANEjA5RtWjtsRIpFx/G7HJ+iqZn3/EMqdBPwYRzTVZglxqvAOiEJi1xydnZISW+w4vIBC0OMNMyrpPB3/jhaQ8rUyJycLGHmfvBHd46P8q+BYJy/2wBDQ==&version=1.0&app_id=9021000159639472&sign_type=RSA2&timestamp=2026-04-21 17:52:33^_^ProtocalOptParams:alipay_sdk=alipay-sdk-java-4.38.157.ALL&format=json^_^ApplicationParams:traceId=0601d58b177676515508858151828226&biz_content={"out_trade_no":"804431119492"}^_^Body:{"alipay_trade_query_response":{"msg":"Business Failed","code":"40004","out_trade_no":"804431119492","sub_msg":"交易不存在","sub_code":"ACQ.TRADE_NOT_EXIST","receipt_amount":"0.00","point_amount":"0.00","buyer_pay_amount":"0.00","invoice_amount":"0.00"},"sign":"KHMw8Uv/qAfySvlFt6aBehT7XOdBRZQmXhsBqD6jmLfATC9GN0Xee1QE/A9/M3kQRsvTeL3GlUT+47X1t/9qPCBuFNHWcIHRyS6JfNYWBWHPvrtNqv9bgq6wdrG9n+pmLLHjzgQQAwLTSa0YTuK+Br/QfPKTwkSlAmgsv4CIe5fgOO1o/NE6tiF1sptOdmDFaHQUOg4tf5YEcQ9qjZ0pEo02wCE74znrGWV8UgPdG5TVaGEo824kbHwFUef7/UpcJK7Nn0l2VROk2f7Y8CFE+r7blqTVU6VzS/R8mr3OtfJOdOUxoL8dDrDz8xBsqPS23PoNTsXMBw+oGsNKmbn4kA=="}^_^8ms,219ms,9ms^_^trace_id:0601d58b177676515508858151828226
26-04-21.17:52:36.015 [scheduling-1    ] INFO  NoPayNotifyOrderJob    - 任务：检测未接受到或未正确处理支付回调通知
26-04-21.17:52:51.030 [scheduling-1    ] ERROR err                    - 2026-04-21 17:52:51^_^alipay.trade.query^_^null^_^172.22.22.159^_^Windows 10^_^alipay-sdk-java-4.38.157.ALL^_^https://openapi-sandbox.dl.alipaydev.com/gateway.do?charset=utf-8&method=alipay.trade.query&sign=A07bihnNydhTKKM9O6%2FZ9pdqj3QMHX5%2FbDJhEqhUj6jYfo%2Fva9dpE3G5iw1xhHn0giH%2FM3E6khh5Vx0UEsobiolv6q0CP6ZRmu4kTVKLB0Qjd32pEnkvvNwqJsIosLCpWT6RWqhuG5woK5%2BqtBCciuonkqLR8NgVduOcR%2B5hYlm86jaFv2XXlKHQ1MGYJ3O3Yaa0xKrmuui0sAUylizW3Dh1ISGPFjtrm%2F2b1aXMeFor0mzFvDy7tr%2BWXoIK%2FbI3U%2FY8FspBhChusTYHRIn4LblwUTXGWP5yd8ajMpnXssvv8hAlmuqFeTczdzncvHwlk%2BAEUvXOZ63YRONHZcCLdA%3D%3D&version=1.0&app_id=9021000159639472&sign_type=RSA2&timestamp=2026-04-21+17%3A52%3A36&alipay_sdk=alipay-sdk-java-4.38.157.ALL&format=json^_^^_^Read timed out
26-04-21.17:52:51.031 [scheduling-1    ] ERROR NoPayNotifyOrderJob    - 定时任务，超时15分钟订单关闭失败
com.alipay.api.AlipayApiException: java.net.SocketTimeoutException: Read timed out
	at com.alipay.api.AbstractAlipayClient.doPost(AbstractAlipayClient.java:1015)
	at com.alipay.api.AbstractAlipayClient._execute(AbstractAlipayClient.java:921)
	at com.alipay.api.AbstractAlipayClient.execute(AbstractAlipayClient.java:395)
	at com.alipay.api.AbstractAlipayClient.execute(AbstractAlipayClient.java:377)
	at com.alipay.api.AbstractAlipayClient.execute(AbstractAlipayClient.java:372)
	at com.alipay.api.AbstractAlipayClient.execute(AbstractAlipayClient.java:366)
	at top.daoha.trigger.job.NoPayNotifyOrderJob.exec(NoPayNotifyOrderJob.java:44)
	at jdk.internal.reflect.GeneratedMethodAccessor7.invoke(Unknown Source)
	at java.base/jdk.internal.reflect.DelegatingMethodAccessorImpl.invoke(DelegatingMethodAccessorImpl.java:43)
	at java.base/java.lang.reflect.Method.invoke(Method.java:568)
	at org.springframework.scheduling.support.ScheduledMethodRunnable.run(ScheduledMethodRunnable.java:84)
	at org.springframework.scheduling.support.DelegatingErrorHandlingRunnable.run(DelegatingErrorHandlingRunnable.java:54)
	at org.springframework.scheduling.concurrent.ReschedulingRunnable.run(ReschedulingRunnable.java:95)
	at java.base/java.util.concurrent.Executors$RunnableAdapter.call(Executors.java:539)
	at java.base/java.util.concurrent.FutureTask.run(FutureTask.java:264)
	at java.base/java.util.concurrent.ScheduledThreadPoolExecutor$ScheduledFutureTask.run(ScheduledThreadPoolExecutor.java:304)
	at java.base/java.util.concurrent.ThreadPoolExecutor.runWorker(ThreadPoolExecutor.java:1136)
	at java.base/java.util.concurrent.ThreadPoolExecutor$Worker.run(ThreadPoolExecutor.java:635)
	at java.base/java.lang.Thread.run(Thread.java:833)
Caused by: java.net.SocketTimeoutException: Read timed out
	at java.base/jdk.internal.reflect.NativeConstructorAccessorImpl.newInstance0(Native Method)
	at java.base/jdk.internal.reflect.NativeConstructorAccessorImpl.newInstance(NativeConstructorAccessorImpl.java:77)
	at java.base/jdk.internal.reflect.DelegatingConstructorAccessorImpl.newInstance(DelegatingConstructorAccessorImpl.java:45)
	at java.base/java.lang.reflect.Constructor.newInstanceWithCaller(Constructor.java:499)
	at java.base/java.lang.reflect.Constructor.newInstance(Constructor.java:480)
	at java.base/sun.net.www.protocol.http.HttpURLConnection$10.run(HttpURLConnection.java:2048)
	at java.base/sun.net.www.protocol.http.HttpURLConnection$10.run(HttpURLConnection.java:2043)
	at java.base/java.security.AccessController.doPrivileged(AccessController.java:569)
	at java.base/sun.net.www.protocol.http.HttpURLConnection.getChainedException(HttpURLConnection.java:2042)
	at java.base/sun.net.www.protocol.http.HttpURLConnection.getInputStream0(HttpURLConnection.java:1609)
	at java.base/sun.net.www.protocol.http.HttpURLConnection.getInputStream(HttpURLConnection.java:1589)
	at java.base/sun.net.www.protocol.https.HttpsURLConnectionImpl.getInputStream(HttpsURLConnectionImpl.java:224)
	at com.alipay.api.internal.util.WebUtils.getResponseAsString(WebUtils.java:514)
	at com.alipay.api.internal.util.WebUtils.doPost(WebUtils.java:181)
	at com.alipay.api.internal.util.WebUtils.doPost(WebUtils.java:142)
	at com.alipay.api.AbstractAlipayClient.doPost(AbstractAlipayClient.java:1003)
	... 18 common frames omitted
Caused by: java.net.SocketTimeoutException: Read timed out
	at java.base/sun.nio.ch.NioSocketImpl.timedRead(NioSocketImpl.java:283)
	at java.base/sun.nio.ch.NioSocketImpl.implRead(NioSocketImpl.java:309)
	at java.base/sun.nio.ch.NioSocketImpl.read(NioSocketImpl.java:350)
	at java.base/sun.nio.ch.NioSocketImpl$1.read(NioSocketImpl.java:803)
	at java.base/java.net.Socket$SocketInputStream.read(Socket.java:966)
	at java.base/sun.security.ssl.SSLSocketInputRecord.read(SSLSocketInputRecord.java:478)
	at java.base/sun.security.ssl.SSLSocketInputRecord.readHeader(SSLSocketInputRecord.java:472)
	at java.base/sun.security.ssl.SSLSocketInputRecord.bytesInCompletePacket(SSLSocketInputRecord.java:70)
	at java.base/sun.security.ssl.SSLSocketImpl.readApplicationRecord(SSLSocketImpl.java:1455)
	at java.base/sun.security.ssl.SSLSocketImpl$AppInputStream.read(SSLSocketImpl.java:1059)
	at java.base/java.io.BufferedInputStream.fill(BufferedInputStream.java:244)
	at java.base/java.io.BufferedInputStream.read1(BufferedInputStream.java:284)
	at java.base/java.io.BufferedInputStream.read(BufferedInputStream.java:343)
	at java.base/sun.net.www.http.HttpClient.parseHTTPHeader(HttpClient.java:791)
	at java.base/sun.net.www.http.HttpClient.parseHTTP(HttpClient.java:726)
	at java.base/sun.net.www.protocol.http.HttpURLConnection.getInputStream0(HttpURLConnection.java:1688)
	at java.base/sun.net.www.protocol.http.HttpURLConnection.getInputStream(HttpURLConnection.java:1589)
	at java.base/sun.net.www.protocol.http.HttpURLConnection.getHeaderField(HttpURLConnection.java:3221)
	at java.base/java.net.URLConnection.getContentType(URLConnection.java:520)
	at java.base/sun.net.www.protocol.https.HttpsURLConnectionImpl.getContentType(HttpsURLConnectionImpl.java:376)
	at com.alipay.api.internal.util.WebUtils.getResponseAsString(WebUtils.java:506)
	... 21 common frames omitted
26-04-21.17:52:54.005 [scheduling-1    ] INFO  NoPayNotifyOrderJob    - 任务：检测未接受到或未正确处理支付回调通知
26-04-21.17:52:56.472 [scheduling-1    ] ERROR err                    - ErrorScene^_^40004^_^ACQ.TRADE_NOT_EXIST^_^172.22.22.159^_^Windows 10^_^2026-04-21 17:52:56^_^ProtocalMustParams:charset=utf-8&method=alipay.trade.query&sign=MUWKQZnFo1mwIPluse+4nH7Gj/VdBW0/RAAc+JWTaxFckGbeTHLOaeCfPbRBOXRoak233dGmFxeTYsIRSNEPRyUcNg3SK+s19HPBPYdPZBRwmvWNW5DVYFxMcLzim28QYmDda+XdA0NxEQtSzM751FZs9ApIZgRGIDN8K9TZfHJ1xrRbKYZZ7DeX6FeaPSl4Btpj/h/oShyJdZJ10vBDUKfSDv1Yfc8p1daVSM771NjzEQH9qMYTm4861Rxfbfd0ZpLvSnf0AJmmGO20PXhSYuCwu+nV/KpGgYhi0cGw9CcpfvickPAWWk3PfEbqFPEITAScmYF48ljc4CRqd4fBSg==&version=1.0&app_id=9021000159639472&sign_type=RSA2&timestamp=2026-04-21 17:52:54^_^ProtocalOptParams:alipay_sdk=alipay-sdk-java-4.38.157.ALL&format=json^_^ApplicationParams:traceId=06022404177676517826170641838482&biz_content={"out_trade_no":"804431119492"}^_^Body:{"alipay_trade_query_response":{"msg":"Business Failed","code":"40004","out_trade_no":"804431119492","sub_msg":"交易不存在","sub_code":"ACQ.TRADE_NOT_EXIST","receipt_amount":"0.00","point_amount":"0.00","buyer_pay_amount":"0.00","invoice_amount":"0.00"},"sign":"KHMw8Uv/qAfySvlFt6aBehT7XOdBRZQmXhsBqD6jmLfATC9GN0Xee1QE/A9/M3kQRsvTeL3GlUT+47X1t/9qPCBuFNHWcIHRyS6JfNYWBWHPvrtNqv9bgq6wdrG9n+pmLLHjzgQQAwLTSa0YTuK+Br/QfPKTwkSlAmgsv4CIe5fgOO1o/NE6tiF1sptOdmDFaHQUOg4tf5YEcQ9qjZ0pEo02wCE74znrGWV8UgPdG5TVaGEo824kbHwFUef7/UpcJK7Nn0l2VROk2f7Y8CFE+r7blqTVU6VzS/R8mr3OtfJOdOUxoL8dDrDz8xBsqPS23PoNTsXMBw+oGsNKmbn4kA=="}^_^8ms,2450ms,8ms^_^trace_id:06022404177676517826170641838482
26-04-21.17:52:57.014 [scheduling-1    ] INFO  NoPayNotifyOrderJob    - 任务：检测未接受到或未正确处理支付回调通知
26-04-21.17:52:57.377 [scheduling-1    ] ERROR err                    - ErrorScene^_^40004^_^ACQ.TRADE_NOT_EXIST^_^172.22.22.159^_^Windows 10^_^2026-04-21 17:52:57^_^ProtocalMustParams:charset=utf-8&method=alipay.trade.query&sign=RtBWAJ8TJ3tees7FrxtuN5iXaEvcB9AO/lDmRJiS4NJSbsdk0ov1FTvK4fhTDgYQlqs+Hqjj01GXw/FiQKybmM0U8St5Tj/z641G9oCSffkzhTSwEBjIMPn9oEoR5+MqzqEcA1dqtrosTzyxk3RwtRFnjppZqXgKEW2Y08VvQ+cS1+Yxx1aOYVyCAaI19L7Jr6lUIgSJ00EYbGTG0qxPNloqfgBbfpMD/fowi3nrEOj0prUCS0oiKLZblabI6iwbMcdK0r7SKlo+5yn6AY3B4dVON9QA5g7qPJYDnYgtDgV14K3kznf+svC7afJmRlskq/oRQTIjEMQopTGFTKMewA==&version=1.0&app_id=9021000159639472&sign_type=RSA2&timestamp=2026-04-21 17:52:57^_^ProtocalOptParams:alipay_sdk=alipay-sdk-java-4.38.157.ALL&format=json^_^ApplicationParams:traceId=0600bf82177676517911219092755305&biz_content={"out_trade_no":"804431119492"}^_^Body:{"alipay_trade_query_response":{"msg":"Business Failed","code":"40004","out_trade_no":"804431119492","sub_msg":"交易不存在","sub_code":"ACQ.TRADE_NOT_EXIST","receipt_amount":"0.00","point_amount":"0.00","buyer_pay_amount":"0.00","invoice_amount":"0.00"},"sign":"KHMw8Uv/qAfySvlFt6aBehT7XOdBRZQmXhsBqD6jmLfATC9GN0Xee1QE/A9/M3kQRsvTeL3GlUT+47X1t/9qPCBuFNHWcIHRyS6JfNYWBWHPvrtNqv9bgq6wdrG9n+pmLLHjzgQQAwLTSa0YTuK+Br/QfPKTwkSlAmgsv4CIe5fgOO1o/NE6tiF1sptOdmDFaHQUOg4tf5YEcQ9qjZ0pEo02wCE74znrGWV8UgPdG5TVaGEo824kbHwFUef7/UpcJK7Nn0l2VROk2f7Y8CFE+r7blqTVU6VzS/R8mr3OtfJOdOUxoL8dDrDz8xBsqPS23PoNTsXMBw+oGsNKmbn4kA=="}^_^7ms,347ms,8ms^_^trace_id:0600bf82177676517911219092755305
26-04-21.17:53:00.007 [scheduling-1    ] INFO  NoPayNotifyOrderJob    - 任务：检测未接受到或未正确处理支付回调通知
26-04-21.17:53:00.291 [scheduling-1    ] ERROR err                    - ErrorScene^_^40004^_^ACQ.TRADE_NOT_EXIST^_^172.22.22.159^_^Windows 10^_^2026-04-21 17:53:00^_^ProtocalMustParams:charset=utf-8&method=alipay.trade.query&sign=ZmDCTX8VVKqUnPKfvvH9q+eDh49xczjFe3RGb2xDMvl1c7WmBgrBZgQOERXxkGt8VU5h4MyPl2nUgEOatJ1jSkgwR55VAeKGM2vBetUqRWWqBG+7lrse8kTqnGhIMOw7K6E+UCU+GcDbB0/CxHsAbXfkR3iDKHqbVm2JB6Bln6HbzsVTzC+PVzrnfvDfIrlCoa3FqfRSe7QCudQJFvufdu5aVnjjma1kHzwVZJp/JNDeDYJRa4PSIHWWC6wZ/dKMFvAjGyK3o6vt0vyhRVnQb4TbMrNZtN+q2sg+G/S1sIZ5ju9gFtvF8yvHdwGguBmHx5HasG+mOd9gXFdUCp8OQw==&version=1.0&app_id=9021000159639472&sign_type=RSA2&timestamp=2026-04-21 17:53:00^_^ProtocalOptParams:alipay_sdk=alipay-sdk-java-4.38.157.ALL&format=json^_^ApplicationParams:traceId=06022404177676518209071211838482&biz_content={"out_trade_no":"804431119492"}^_^Body:{"alipay_trade_query_response":{"msg":"Business Failed","code":"40004","out_trade_no":"804431119492","sub_msg":"交易不存在","sub_code":"ACQ.TRADE_NOT_EXIST","receipt_amount":"0.00","point_amount":"0.00","buyer_pay_amount":"0.00","invoice_amount":"0.00"},"sign":"KHMw8Uv/qAfySvlFt6aBehT7XOdBRZQmXhsBqD6jmLfATC9GN0Xee1QE/A9/M3kQRsvTeL3GlUT+47X1t/9qPCBuFNHWcIHRyS6JfNYWBWHPvrtNqv9bgq6wdrG9n+pmLLHjzgQQAwLTSa0YTuK+Br/QfPKTwkSlAmgsv4CIe5fgOO1o/NE6tiF1sptOdmDFaHQUOg4tf5YEcQ9qjZ0pEo02wCE74znrGWV8UgPdG5TVaGEo824kbHwFUef7/UpcJK7Nn0l2VROk2f7Y8CFE+r7blqTVU6VzS/R8mr3OtfJOdOUxoL8dDrDz8xBsqPS23PoNTsXMBw+oGsNKmbn4kA=="}^_^9ms,265ms,8ms^_^trace_id:06022404177676518209071211838482
26-04-21.17:53:03.015 [scheduling-1    ] INFO  NoPayNotifyOrderJob    - 任务：检测未接受到或未正确处理支付回调通知
26-04-21.17:53:03.220 [scheduling-1    ] ERROR err                    - ErrorScene^_^40004^_^ACQ.TRADE_NOT_EXIST^_^172.22.22.159^_^Windows 10^_^2026-04-21 17:53:03^_^ProtocalMustParams:charset=utf-8&method=alipay.trade.query&sign=ALqS4NLb7TtkS2XXC3PEw1/Pnh3Ltsko5d1Ll9Nrp7/tBy/grCLuF+3BtBP6JdgTKoqBnva1NkWH+N4/te1OnGY/nD3bgiwAEb+J1RHxAcwH95LDyzSG/GOqsYY9JJqD949RO/umwQLBCheoQ8Rh3m5Pu77Tik/PMvcplM3XLRzgUO270v5JEi2b/s+/u/U3QFfxFXKp/4oLYjwPChEvgE37TEVohNmER6vn2C/Dki/m2Gna+0PiA5p7c7YZpf4u1i6yGArPHDlTV+mgmkLFXrnxFV31WxDt6o4WuVzwHzBTQLyK+z9GHFNcxLlgllPO0nM6BhFGOQPWbyCcoSeKYQ==&version=1.0&app_id=9021000159639472&sign_type=RSA2&timestamp=2026-04-21 17:53:03^_^ProtocalOptParams:alipay_sdk=alipay-sdk-java-4.38.157.ALL&format=json^_^ApplicationParams:traceId=0600bf82177676518508819422755305&biz_content={"out_trade_no":"804431119492"}^_^Body:{"alipay_trade_query_response":{"msg":"Business Failed","code":"40004","out_trade_no":"804431119492","sub_msg":"交易不存在","sub_code":"ACQ.TRADE_NOT_EXIST","receipt_amount":"0.00","point_amount":"0.00","buyer_pay_amount":"0.00","invoice_amount":"0.00"},"sign":"KHMw8Uv/qAfySvlFt6aBehT7XOdBRZQmXhsBqD6jmLfATC9GN0Xee1QE/A9/M3kQRsvTeL3GlUT+47X1t/9qPCBuFNHWcIHRyS6JfNYWBWHPvrtNqv9bgq6wdrG9n+pmLLHjzgQQAwLTSa0YTuK+Br/QfPKTwkSlAmgsv4CIe5fgOO1o/NE6tiF1sptOdmDFaHQUOg4tf5YEcQ9qjZ0pEo02wCE74znrGWV8UgPdG5TVaGEo824kbHwFUef7/UpcJK7Nn0l2VROk2f7Y8CFE+r7blqTVU6VzS/R8mr3OtfJOdOUxoL8dDrDz8xBsqPS23PoNTsXMBw+oGsNKmbn4kA=="}^_^7ms,189ms,8ms^_^trace_id:0600bf82177676518508819422755305
26-04-21.17:53:06.009 [scheduling-1    ] INFO  NoPayNotifyOrderJob    - 任务：检测未接受到或未正确处理支付回调通知
26-04-21.17:53:06.222 [scheduling-1    ] ERROR err                    - ErrorScene^_^40004^_^ACQ.TRADE_NOT_EXIST^_^172.22.22.159^_^Windows 10^_^2026-04-21 17:53:06^_^ProtocalMustParams:charset=utf-8&method=alipay.trade.query&sign=C4yNPzQth7OkuBvMGWJKF6rvqk6FAYoqaoF3Y2+XWIAmcu6IQBgYuRAUiaT/5zWMN1xakWRcfyB1L9Gxpyp2Sr/6I7GLuu75fbPOYggBOt+UJkxiyuV+rwlNnGtflJkRg8giqjrblKqbG8Kvs0LsPIRUI57gmr7FxWWAIJZZa7V0aC3cdLYyVSSoIOw7sZMXdl2M4opDZKX2BIEypiZypnrao1DGmh0ApEsc0cVmlWYrvxs/QbUIUkBrfxHJqMrEmEmw2Thxlx7Bu2jBPJgrPbL3FHRlh951FlKKW6392kfgMETEXgaN8IDD0JCzc74Rb6lUux2Hth5XUDNOhA5RcA==&version=1.0&app_id=9021000159639472&sign_type=RSA2&timestamp=2026-04-21 17:53:06^_^ProtocalOptParams:alipay_sdk=alipay-sdk-java-4.38.157.ALL&format=json^_^ApplicationParams:traceId=0601ac3e177676518809519666638&biz_content={"out_trade_no":"804431119492"}^_^Body:{"alipay_trade_query_response":{"msg":"Business Failed","code":"40004","out_trade_no":"804431119492","sub_msg":"交易不存在","sub_code":"ACQ.TRADE_NOT_EXIST","receipt_amount":"0.00","point_amount":"0.00","buyer_pay_amount":"0.00","invoice_amount":"0.00"},"sign":"KHMw8Uv/qAfySvlFt6aBehT7XOdBRZQmXhsBqD6jmLfATC9GN0Xee1QE/A9/M3kQRsvTeL3GlUT+47X1t/9qPCBuFNHWcIHRyS6JfNYWBWHPvrtNqv9bgq6wdrG9n+pmLLHjzgQQAwLTSa0YTuK+Br/QfPKTwkSlAmgsv4CIe5fgOO1o/NE6tiF1sptOdmDFaHQUOg4tf5YEcQ9qjZ0pEo02wCE74znrGWV8UgPdG5TVaGEo824kbHwFUef7/UpcJK7Nn0l2VROk2f7Y8CFE+r7blqTVU6VzS/R8mr3OtfJOdOUxoL8dDrDz8xBsqPS23PoNTsXMBw+oGsNKmbn4kA=="}^_^6ms,197ms,8ms^_^trace_id:0601ac3e177676518809519666638
26-04-21.17:53:09.010 [scheduling-1    ] INFO  NoPayNotifyOrderJob    - 任务：检测未接受到或未正确处理支付回调通知
26-04-21.17:53:09.293 [scheduling-1    ] ERROR err                    - ErrorScene^_^40004^_^ACQ.TRADE_NOT_EXIST^_^172.22.22.159^_^Windows 10^_^2026-04-21 17:53:09^_^ProtocalMustParams:charset=utf-8&method=alipay.trade.query&sign=BtPxI+YDHSmHHvrPA17GtYAwa8f5kqfUIbYj4KDWd7T1cuE9zN2dMuFqk01B4HPDjKA1SEfWP2wMSg8Ub5kq3g1+TrRegJOJXe2rjdQI9ZiuYDvKSK6SaS4AvSQTAWJSlAjffGnx+mpAbbIjbvKJFHey7kBfqnLyCBeWtopyKL5aRcLSi91tEbK2wvks2vvpB0dpe9XHD1k2gLhDYhQIIad9slicbjFusKhVojv6Xosln70Nqh5zazfUKCY4hBTnzZt8vbfR7v0zxTrXnQLLlKPpYPbVHMIBlrj0vO7r5Z9bTc1SGZpy5JCtC6Wm65kDrB1vhq2TvmbHRhAW1TeDqw==&version=1.0&app_id=9021000159639472&sign_type=RSA2&timestamp=2026-04-21 17:53:09^_^ProtocalOptParams:alipay_sdk=alipay-sdk-java-4.38.157.ALL&format=json^_^ApplicationParams:traceId=0600019a177676519107955771495119&biz_content={"out_trade_no":"804431119492"}^_^Body:{"alipay_trade_query_response":{"msg":"Business Failed","code":"40004","out_trade_no":"804431119492","sub_msg":"交易不存在","sub_code":"ACQ.TRADE_NOT_EXIST","receipt_amount":"0.00","point_amount":"0.00","buyer_pay_amount":"0.00","invoice_amount":"0.00"},"sign":"KHMw8Uv/qAfySvlFt6aBehT7XOdBRZQmXhsBqD6jmLfATC9GN0Xee1QE/A9/M3kQRsvTeL3GlUT+47X1t/9qPCBuFNHWcIHRyS6JfNYWBWHPvrtNqv9bgq6wdrG9n+pmLLHjzgQQAwLTSa0YTuK+Br/QfPKTwkSlAmgsv4CIe5fgOO1o/NE6tiF1sptOdmDFaHQUOg4tf5YEcQ9qjZ0pEo02wCE74znrGWV8UgPdG5TVaGEo824kbHwFUef7/UpcJK7Nn0l2VROk2f7Y8CFE+r7blqTVU6VzS/R8mr3OtfJOdOUxoL8dDrDz8xBsqPS23PoNTsXMBw+oGsNKmbn4kA=="}^_^8ms,265ms,9ms^_^trace_id:0600019a177676519107955771495119
26-04-21.17:53:12.007 [scheduling-1    ] INFO  NoPayNotifyOrderJob    - 任务：检测未接受到或未正确处理支付回调通知
26-04-21.17:53:13.897 [scheduling-1    ] ERROR err                    - ErrorScene^_^40004^_^ACQ.TRADE_NOT_EXIST^_^172.22.22.159^_^Windows 10^_^2026-04-21 17:53:13^_^ProtocalMustParams:charset=utf-8&method=alipay.trade.query&sign=KDESG8WvyIhOPXhUDq4i4gHmfiLg/7ygPvdVAyNBa94pRXLaj423w4JObAeKDl5LfiXdmSLACls2hnsqznFPycWaoF/ji192UgNhZta82/WD8anxzQYBOqsj5bR5aPy2HLI+Zj6PP9P8qP/eUNE3WHaJza8rmoassIUdB/iM810T9JHPqvWWX73OewfFE9dPkiOs7BeaWfRpNIo5EQYKOolLgz2dg2n4S8mzWDhNS8w0Ij0xCepZ4ZIXSrhj7pxEbmQSsN1L6pQswq26fFrIwLf315zx0MdNwlWmqX5IdfVvzMmzpjdSztymNHBmMwMYMTB2AkGrxSwOnu+R9pYwTQ==&version=1.0&app_id=9021000159639472&sign_type=RSA2&timestamp=2026-04-21 17:53:12^_^ProtocalOptParams:alipay_sdk=alipay-sdk-java-4.38.157.ALL&format=json^_^ApplicationParams:traceId=060389ba17767651957072903294248&biz_content={"out_trade_no":"804431119492"}^_^Body:{"alipay_trade_query_response":{"msg":"Business Failed","code":"40004","out_trade_no":"804431119492","sub_msg":"交易不存在","sub_code":"ACQ.TRADE_NOT_EXIST","receipt_amount":"0.00","point_amount":"0.00","buyer_pay_amount":"0.00","invoice_amount":"0.00"},"sign":"KHMw8Uv/qAfySvlFt6aBehT7XOdBRZQmXhsBqD6jmLfATC9GN0Xee1QE/A9/M3kQRsvTeL3GlUT+47X1t/9qPCBuFNHWcIHRyS6JfNYWBWHPvrtNqv9bgq6wdrG9n+pmLLHjzgQQAwLTSa0YTuK+Br/QfPKTwkSlAmgsv4CIe5fgOO1o/NE6tiF1sptOdmDFaHQUOg4tf5YEcQ9qjZ0pEo02wCE74znrGWV8UgPdG5TVaGEo824kbHwFUef7/UpcJK7Nn0l2VROk2f7Y8CFE+r7blqTVU6VzS/R8mr3OtfJOdOUxoL8dDrDz8xBsqPS23PoNTsXMBw+oGsNKmbn4kA=="}^_^8ms,1874ms,7ms^_^trace_id:060389ba17767651957072903294248
26-04-21.17:53:15.002 [scheduling-1    ] INFO  NoPayNotifyOrderJob    - 任务：检测未接受到或未正确处理支付回调通知
26-04-21.17:53:15.353 [scheduling-1    ] ERROR err                    - ErrorScene^_^40004^_^ACQ.TRADE_NOT_EXIST^_^172.22.22.159^_^Windows 10^_^2026-04-21 17:53:15^_^ProtocalMustParams:charset=utf-8&method=alipay.trade.query&sign=AoTo7oRFpZJmkbF34MKNx/Izan63Jc5RG0phBfa1XgOHJwQw4bU3TTiLEsZ12iCqo1Nrx6MGP/yhAsapOo4fc+C+/4tmG4kCz1lXKILN0sZ/GGxv55Y2woez4MA+lWuHWzY43lvhu+rPF6hsWaGIUrjrHjjshZUI7Bxtg+vSyD381FdiQRCvRnieCZC1HW/js9YvE676JIoOoFiLiQT2G47wTmMqcn016YvOgSq/CCvaB9n26A56SB5rwJEzUeKcvU+eHhGF1KuQmgfmoG5wCn/7vwwjL2OVRPJliSnL8WcKKmvNxqZFqIcnzhkw5KKqUEIexAsKMw6kxtHoW9J/4g==&version=1.0&app_id=9021000159639472&sign_type=RSA2&timestamp=2026-04-21 17:53:15^_^ProtocalOptParams:alipay_sdk=alipay-sdk-java-4.38.157.ALL&format=json^_^ApplicationParams:traceId=0601ac3e177676519707920026638&biz_content={"out_trade_no":"804431119492"}^_^Body:{"alipay_trade_query_response":{"msg":"Business Failed","code":"40004","out_trade_no":"804431119492","sub_msg":"交易不存在","sub_code":"ACQ.TRADE_NOT_EXIST","receipt_amount":"0.00","point_amount":"0.00","buyer_pay_amount":"0.00","invoice_amount":"0.00"},"sign":"KHMw8Uv/qAfySvlFt6aBehT7XOdBRZQmXhsBqD6jmLfATC9GN0Xee1QE/A9/M3kQRsvTeL3GlUT+47X1t/9qPCBuFNHWcIHRyS6JfNYWBWHPvrtNqv9bgq6wdrG9n+pmLLHjzgQQAwLTSa0YTuK+Br/QfPKTwkSlAmgsv4CIe5fgOO1o/NE6tiF1sptOdmDFaHQUOg4tf5YEcQ9qjZ0pEo02wCE74znrGWV8UgPdG5TVaGEo824kbHwFUef7/UpcJK7Nn0l2VROk2f7Y8CFE+r7blqTVU6VzS/R8mr3OtfJOdOUxoL8dDrDz8xBsqPS23PoNTsXMBw+oGsNKmbn4kA=="}^_^8ms,334ms,8ms^_^trace_id:0601ac3e177676519707920026638
26-04-21.17:53:18.005 [scheduling-1    ] INFO  NoPayNotifyOrderJob    - 任务：检测未接受到或未正确处理支付回调通知
26-04-21.17:53:18.281 [scheduling-1    ] ERROR err                    - ErrorScene^_^40004^_^ACQ.TRADE_NOT_EXIST^_^172.22.22.159^_^Windows 10^_^2026-04-21 17:53:18^_^ProtocalMustParams:charset=utf-8&method=alipay.trade.query&sign=BMKRFMu5F/+bzwkqfk0wELpJ1aAyDVCn0RLXzHUEBevz/piRaXml5srS/AzqEcxPboYY7h/zUhIPQAUT1dPPFOsqR12yjG0plb1ZdPPGQotfP5JuNNOP4CoaZ7xr74w8SpmgnXLKi9b3NaVhuthWktdyXS0zO+D6XcZ46TEs+zBB+3GXmDN7DoetpzK/wqCgjnFp96WttW2b1OXP4F7fYc/s7G5MUicnkmza5KumyEVA0WN1jYpEZ0Fp+4frDZl/vICKEGcFcBesRg37QAWGT8JrXYpEI2j4ywNpisaEeWBQiEFak/CesYffWi0jtwuAQIL4Ki07sUUsC3EkSdRjvQ==&version=1.0&app_id=9021000159639472&sign_type=RSA2&timestamp=2026-04-21 17:53:18^_^ProtocalOptParams:alipay_sdk=alipay-sdk-java-4.38.157.ALL&format=json^_^ApplicationParams:traceId=0600019a177676520008656171495119&biz_content={"out_trade_no":"804431119492"}^_^Body:{"alipay_trade_query_response":{"msg":"Business Failed","code":"40004","out_trade_no":"804431119492","sub_msg":"交易不存在","sub_code":"ACQ.TRADE_NOT_EXIST","receipt_amount":"0.00","point_amount":"0.00","buyer_pay_amount":"0.00","invoice_amount":"0.00"},"sign":"KHMw8Uv/qAfySvlFt6aBehT7XOdBRZQmXhsBqD6jmLfATC9GN0Xee1QE/A9/M3kQRsvTeL3GlUT+47X1t/9qPCBuFNHWcIHRyS6JfNYWBWHPvrtNqv9bgq6wdrG9n+pmLLHjzgQQAwLTSa0YTuK+Br/QfPKTwkSlAmgsv4CIe5fgOO1o/NE6tiF1sptOdmDFaHQUOg4tf5YEcQ9qjZ0pEo02wCE74znrGWV8UgPdG5TVaGEo824kbHwFUef7/UpcJK7Nn0l2VROk2f7Y8CFE+r7blqTVU6VzS/R8mr3OtfJOdOUxoL8dDrDz8xBsqPS23PoNTsXMBw+oGsNKmbn4kA=="}^_^8ms,259ms,8ms^_^trace_id:0600019a177676520008656171495119
26-04-21.17:53:21.013 [scheduling-1    ] INFO  NoPayNotifyOrderJob    - 任务：检测未接受到或未正确处理支付回调通知
26-04-21.17:53:21.405 [scheduling-1    ] ERROR err                    - ErrorScene^_^40004^_^ACQ.TRADE_NOT_EXIST^_^172.22.22.159^_^Windows 10^_^2026-04-21 17:53:21^_^ProtocalMustParams:charset=utf-8&method=alipay.trade.query&sign=fcqU44nfEo5G1sqtWrAoLx9SlrhQ9iLJPvj+qmTAhw0RRHQNSY4u+kz21oBps32ZGrtwoa1LVmXJPew+NJ4qJufSwPFUUUsIx1Qp9XM598sAkc6OMkWP+l55Lgc1zbgdyW0UfBip60rTdf0xKZzQYJLlAV2yWyGOa1a757xsLFwzjrob4WnutfR9e/l9DJfa/2/MMJmregCZy4hM3r4SIVpHDHc/CWe1L1lhNNJYxlOg9TPeyGzxI/62kytJgNv0NOfTJqst3vO5pWNNCNleMbZBfFZDNejVFLepG/rpa0hON95jKZCh43Xt6hCv/YXODvByOq1kmhm1czs+k+XaEQ==&version=1.0&app_id=9021000159639472&sign_type=RSA2&timestamp=2026-04-21 17:53:21^_^ProtocalOptParams:alipay_sdk=alipay-sdk-java-4.38.157.ALL&format=json^_^ApplicationParams:traceId=0601d6c7177676520310232867452&biz_content={"out_trade_no":"804431119492"}^_^Body:{"alipay_trade_query_response":{"msg":"Business Failed","code":"40004","out_trade_no":"804431119492","sub_msg":"交易不存在","sub_code":"ACQ.TRADE_NOT_EXIST","receipt_amount":"0.00","point_amount":"0.00","buyer_pay_amount":"0.00","invoice_amount":"0.00"},"sign":"KHMw8Uv/qAfySvlFt6aBehT7XOdBRZQmXhsBqD6jmLfATC9GN0Xee1QE/A9/M3kQRsvTeL3GlUT+47X1t/9qPCBuFNHWcIHRyS6JfNYWBWHPvrtNqv9bgq6wdrG9n+pmLLHjzgQQAwLTSa0YTuK+Br/QfPKTwkSlAmgsv4CIe5fgOO1o/NE6tiF1sptOdmDFaHQUOg4tf5YEcQ9qjZ0pEo02wCE74znrGWV8UgPdG5TVaGEo824kbHwFUef7/UpcJK7Nn0l2VROk2f7Y8CFE+r7blqTVU6VzS/R8mr3OtfJOdOUxoL8dDrDz8xBsqPS23PoNTsXMBw+oGsNKmbn4kA=="}^_^8ms,374ms,9ms^_^trace_id:0601d6c7177676520310232867452
26-04-21.17:53:24.011 [scheduling-1    ] INFO  NoPayNotifyOrderJob    - 任务：检测未接受到或未正确处理支付回调通知
26-04-21.17:53:24.325 [scheduling-1    ] ERROR err                    - ErrorScene^_^40004^_^ACQ.TRADE_NOT_EXIST^_^172.22.22.159^_^Windows 10^_^2026-04-21 17:53:24^_^ProtocalMustParams:charset=utf-8&method=alipay.trade.query&sign=AbiXpV7/EuQClU7oddHih1nUhTXdJLRsNBbjkszGHrha0viNH2rucJGXWIjyJWAY7nTqEpY6zhcUiXTTzcOjG7CFnnjvcovDQwkJtNWn2o/qQ35/4KL9TVeybvns3gqxGzGbehqy4IzSNjSM4mukAQdVbycRPd5zYZPWdCL7fV2SbSILaeE3fEZWkiM4p/1UioqMH9R0snvKcVg8OJG4gYmfq/3GHR2ZEpWyVUqYkeOxQ6qG09dTnXBxzJ8N0H8zZKv4BrPm0UOKF5IyqGuJETioXPiUzXkws0+xuZwBqEvbt4NWJaad+h3iQtJSCVIqA2njyL++e4jvY+wLSZJp+A==&version=1.0&app_id=9021000159639472&sign_type=RSA2&timestamp=2026-04-21 17:53:24^_^ProtocalOptParams:alipay_sdk=alipay-sdk-java-4.38.157.ALL&format=json^_^ApplicationParams:traceId=0600019a177676520609856471495119&biz_content={"out_trade_no":"804431119492"}^_^Body:{"alipay_trade_query_response":{"msg":"Business Failed","code":"40004","out_trade_no":"804431119492","sub_msg":"交易不存在","sub_code":"ACQ.TRADE_NOT_EXIST","receipt_amount":"0.00","point_amount":"0.00","buyer_pay_amount":"0.00","invoice_amount":"0.00"},"sign":"KHMw8Uv/qAfySvlFt6aBehT7XOdBRZQmXhsBqD6jmLfATC9GN0Xee1QE/A9/M3kQRsvTeL3GlUT+47X1t/9qPCBuFNHWcIHRyS6JfNYWBWHPvrtNqv9bgq6wdrG9n+pmLLHjzgQQAwLTSa0YTuK+Br/QfPKTwkSlAmgsv4CIe5fgOO1o/NE6tiF1sptOdmDFaHQUOg4tf5YEcQ9qjZ0pEo02wCE74znrGWV8UgPdG5TVaGEo824kbHwFUef7/UpcJK7Nn0l2VROk2f7Y8CFE+r7blqTVU6VzS/R8mr3OtfJOdOUxoL8dDrDz8xBsqPS23PoNTsXMBw+oGsNKmbn4kA=="}^_^8ms,297ms,8ms^_^trace_id:0600019a177676520609856471495119
26-04-21.17:53:27.004 [scheduling-1    ] INFO  NoPayNotifyOrderJob    - 任务：检测未接受到或未正确处理支付回调通知
26-04-21.17:53:27.242 [scheduling-1    ] ERROR err                    - ErrorScene^_^40004^_^ACQ.TRADE_NOT_EXIST^_^172.22.22.159^_^Windows 10^_^2026-04-21 17:53:27^_^ProtocalMustParams:charset=utf-8&method=alipay.trade.query&sign=DGG3A+GPfOk7phNRBcybfwQWnd7ee6aH7X0CTN/NqYieeSu6c9B6tXykRNx6fkkz3NuTQJ5CMYdCvVMoQtDA36Xy6R5Ya+oLhCwt8Z1JMO5r4x9RfAA+g2mnq1sRn2nnc1+VdCVP4sRudaS3Mbyhxu1OIoRMwB/YTSj4neVDLQK327A4oQdlgCDkNo1s6L5PJIjU8mKMFKSWt5e/1labGdCxMCJydACfmOdRFvAmLY7OQeqlMcZ/oMsLX8twWWEhspJxQ3ihVCMvj1gDZad7WA5FBiBCgpge9MAeXQFK3qlfoQ04NeN9/h7DRUPFgZxUD4NJDWwrAaBeiwN/Xrq6ow==&version=1.0&app_id=9021000159639472&sign_type=RSA2&timestamp=2026-04-21 17:53:27^_^ProtocalOptParams:alipay_sdk=alipay-sdk-java-4.38.157.ALL&format=json^_^ApplicationParams:traceId=06013ec2177676520908626332844782&biz_content={"out_trade_no":"804431119492"}^_^Body:{"alipay_trade_query_response":{"msg":"Business Failed","code":"40004","out_trade_no":"804431119492","sub_msg":"交易不存在","sub_code":"ACQ.TRADE_NOT_EXIST","receipt_amount":"0.00","point_amount":"0.00","buyer_pay_amount":"0.00","invoice_amount":"0.00"},"sign":"KHMw8Uv/qAfySvlFt6aBehT7XOdBRZQmXhsBqD6jmLfATC9GN0Xee1QE/A9/M3kQRsvTeL3GlUT+47X1t/9qPCBuFNHWcIHRyS6JfNYWBWHPvrtNqv9bgq6wdrG9n+pmLLHjzgQQAwLTSa0YTuK+Br/QfPKTwkSlAmgsv4CIe5fgOO1o/NE6tiF1sptOdmDFaHQUOg4tf5YEcQ9qjZ0pEo02wCE74znrGWV8UgPdG5TVaGEo824kbHwFUef7/UpcJK7Nn0l2VROk2f7Y8CFE+r7blqTVU6VzS/R8mr3OtfJOdOUxoL8dDrDz8xBsqPS23PoNTsXMBw+oGsNKmbn4kA=="}^_^7ms,223ms,7ms^_^trace_id:06013ec2177676520908626332844782
26-04-21.17:53:30.014 [scheduling-1    ] INFO  NoPayNotifyOrderJob    - 任务：检测未接受到或未正确处理支付回调通知
26-04-21.17:53:30.399 [scheduling-1    ] ERROR err                    - ErrorScene^_^40004^_^ACQ.TRADE_NOT_EXIST^_^172.22.22.159^_^Windows 10^_^2026-04-21 17:53:30^_^ProtocalMustParams:charset=utf-8&method=alipay.trade.query&sign=WaRHHu7gO+vUgZjVncBJnhNukSIaJOL5AbojHwrXHBBx2X0UJJcK680zP0ZPBQePV9ii7uGWLG1F/y1jLypsM+aRIBdZ6D8PlTU6+cY+YpK6uUc9ehuruKmCs0/U5RWaOv/HYzJ1KeGzml1NO/ElG+Th+lbVIsbsZS0Pj7c1tTVINfYl1ciYEdeH77NXy9C++BqfyN3J3OoPHLLENQj6B5lutFRlrEoNPWAPGxOssTldyjVEHIK24mdpwelNiXbmp00HsHyrhFZrPoUNWY8YlloHiSCBry+yPqMdORuwzcaYzvjYwLzT2bLu7e4/29oG2UN4tZXEr+EDJIzfhzOxSw==&version=1.0&app_id=9021000159639472&sign_type=RSA2&timestamp=2026-04-21 17:53:30^_^ProtocalOptParams:alipay_sdk=alipay-sdk-java-4.38.157.ALL&format=json^_^ApplicationParams:traceId=060389ba17767652121863038294248&biz_content={"out_trade_no":"804431119492"}^_^Body:{"alipay_trade_query_response":{"msg":"Business Failed","code":"40004","out_trade_no":"804431119492","sub_msg":"交易不存在","sub_code":"ACQ.TRADE_NOT_EXIST","receipt_amount":"0.00","point_amount":"0.00","buyer_pay_amount":"0.00","invoice_amount":"0.00"},"sign":"KHMw8Uv/qAfySvlFt6aBehT7XOdBRZQmXhsBqD6jmLfATC9GN0Xee1QE/A9/M3kQRsvTeL3GlUT+47X1t/9qPCBuFNHWcIHRyS6JfNYWBWHPvrtNqv9bgq6wdrG9n+pmLLHjzgQQAwLTSa0YTuK+Br/QfPKTwkSlAmgsv4CIe5fgOO1o/NE6tiF1sptOdmDFaHQUOg4tf5YEcQ9qjZ0pEo02wCE74znrGWV8UgPdG5TVaGEo824kbHwFUef7/UpcJK7Nn0l2VROk2f7Y8CFE+r7blqTVU6VzS/R8mr3OtfJOdOUxoL8dDrDz8xBsqPS23PoNTsXMBw+oGsNKmbn4kA=="}^_^8ms,368ms,8ms^_^trace_id:060389ba17767652121863038294248
26-04-21.17:53:33.014 [scheduling-1    ] INFO  NoPayNotifyOrderJob    - 任务：检测未接受到或未正确处理支付回调通知
26-04-21.17:53:33.319 [scheduling-1    ] ERROR err                    - ErrorScene^_^40004^_^ACQ.TRADE_NOT_EXIST^_^172.22.22.159^_^Windows 10^_^2026-04-21 17:53:33^_^ProtocalMustParams:charset=utf-8&method=alipay.trade.query&sign=MNIOdMaYnB9K1wYR0yBSFWFaNncpEAE4HcL9ODHlyS+ZytibAvEYY43eH9DkLc09yUryefd4s38/tn3prZ9QyFEc9ikWjsC3EsUW/GV+/45KG8aiiUOqq5CcIGc9D+hOIEziNTblV+reE5HXEHNIRcPJSHn+sr4Hz186ED7KWvTF8+szZRB64j8RW6CuJ+gGVxB88fh1jmPJJRpGo1HDUygeeLa7upY5Rumh5u/a3i5sIK3c2hEANibeTyRcp0KkigF+j76ZtqAhHh7YZac/7hXuSRSsPA0oUd41teuBpdsMFrZJqMsZy0HOZnFrsrnY7ks4vlb4H5vnSXlJ4Qiu4Q==&version=1.0&app_id=9021000159639472&sign_type=RSA2&timestamp=2026-04-21 17:53:33^_^ProtocalOptParams:alipay_sdk=alipay-sdk-java-4.38.157.ALL&format=json^_^ApplicationParams:traceId=06013ec2177676521510126682844782&biz_content={"out_trade_no":"804431119492"}^_^Body:{"alipay_trade_query_response":{"msg":"Business Failed","code":"40004","out_trade_no":"804431119492","sub_msg":"交易不存在","sub_code":"ACQ.TRADE_NOT_EXIST","receipt_amount":"0.00","point_amount":"0.00","buyer_pay_amount":"0.00","invoice_amount":"0.00"},"sign":"KHMw8Uv/qAfySvlFt6aBehT7XOdBRZQmXhsBqD6jmLfATC9GN0Xee1QE/A9/M3kQRsvTeL3GlUT+47X1t/9qPCBuFNHWcIHRyS6JfNYWBWHPvrtNqv9bgq6wdrG9n+pmLLHjzgQQAwLTSa0YTuK+Br/QfPKTwkSlAmgsv4CIe5fgOO1o/NE6tiF1sptOdmDFaHQUOg4tf5YEcQ9qjZ0pEo02wCE74znrGWV8UgPdG5TVaGEo824kbHwFUef7/UpcJK7Nn0l2VROk2f7Y8CFE+r7blqTVU6VzS/R8mr3OtfJOdOUxoL8dDrDz8xBsqPS23PoNTsXMBw+oGsNKmbn4kA=="}^_^7ms,289ms,8ms^_^trace_id:06013ec2177676521510126682844782
26-04-21.17:53:36.004 [scheduling-1    ] INFO  NoPayNotifyOrderJob    - 任务：检测未接受到或未正确处理支付回调通知
26-04-21.17:53:36.238 [scheduling-1    ] ERROR err                    - ErrorScene^_^40004^_^ACQ.TRADE_NOT_EXIST^_^172.22.22.159^_^Windows 10^_^2026-04-21 17:53:36^_^ProtocalMustParams:charset=utf-8&method=alipay.trade.query&sign=SjC58mgCQCLJ2MkBC+X5/LMXkSghPK7u/TO1F9PrvPQ0w7koL9eulOMi+Y3Eer/2PbodzOF4zM6rn0boIiNVXAR1P3rv6sy/7b3ZLl11iSEOAw951nLscxK9cAq4TmlEoN5saSy6qwsJecbYYQVKM+G3X3suZOtws9tesffXKlK3k8+a5iTqpnFFBUKmpCjXpMil1UZxKiYH3cgs3HNi6aOOH0vb1UIXsoT1B/ao8zTcZeOFfJZvGs04p1dfH0thvY5NOJOaACqB3plACR8Imk2MjTpZguxST/dp7Qs1ZLCk6dPC1JMCyRqubbAP3zn8Xqnqkfa78Xxf2I7afYR3mA==&version=1.0&app_id=9021000159639472&sign_type=RSA2&timestamp=2026-04-21 17:53:36^_^ProtocalOptParams:alipay_sdk=alipay-sdk-java-4.38.157.ALL&format=json^_^ApplicationParams:traceId=0601d6c7177676521807433557452&biz_content={"out_trade_no":"804431119492"}^_^Body:{"alipay_trade_query_response":{"msg":"Business Failed","code":"40004","out_trade_no":"804431119492","sub_msg":"交易不存在","sub_code":"ACQ.TRADE_NOT_EXIST","receipt_amount":"0.00","point_amount":"0.00","buyer_pay_amount":"0.00","invoice_amount":"0.00"},"sign":"KHMw8Uv/qAfySvlFt6aBehT7XOdBRZQmXhsBqD6jmLfATC9GN0Xee1QE/A9/M3kQRsvTeL3GlUT+47X1t/9qPCBuFNHWcIHRyS6JfNYWBWHPvrtNqv9bgq6wdrG9n+pmLLHjzgQQAwLTSa0YTuK+Br/QfPKTwkSlAmgsv4CIe5fgOO1o/NE6tiF1sptOdmDFaHQUOg4tf5YEcQ9qjZ0pEo02wCE74znrGWV8UgPdG5TVaGEo824kbHwFUef7/UpcJK7Nn0l2VROk2f7Y8CFE+r7blqTVU6VzS/R8mr3OtfJOdOUxoL8dDrDz8xBsqPS23PoNTsXMBw+oGsNKmbn4kA=="}^_^8ms,217ms,8ms^_^trace_id:0601d6c7177676521807433557452
26-04-21.17:53:39.013 [scheduling-1    ] INFO  NoPayNotifyOrderJob    - 任务：检测未接受到或未正确处理支付回调通知
26-04-21.17:53:39.276 [scheduling-1    ] ERROR err                    - ErrorScene^_^40004^_^ACQ.TRADE_NOT_EXIST^_^172.22.22.159^_^Windows 10^_^2026-04-21 17:53:39^_^ProtocalMustParams:charset=utf-8&method=alipay.trade.query&sign=U8CkkeMHUohkvlMhn5nZPRYm/VII/YkvA8qvnOO8hU1V7Zgp5U5QlZXuYj4824ZIJAhvme4m9d3SgUF/X9JONSrEqkBuqj3U2Z2EKyJuPp8N4CXmqTwI/Hr2IuTkQm0Vd0KAxLRhKaFW5RmAYKsBpm2i/nbZld5PncgnaI+Dv07ctPerVCtdJN8uhcZqf8zXdmDKofNXN9cwiBUpkLeFViMTWkyRbGmfCnqKzvcTvr4B7tFsuQwKtEUkLhKnis+HOagmlKirjV08fDOmkFsH1aH9VWSQZ5/DmrMn7wM3hpfm68dTWUagEiEV+0YgHegxd0jWsGYs65LjfnW1HohxPw==&version=1.0&app_id=9021000159639472&sign_type=RSA2&timestamp=2026-04-21 17:53:39^_^ProtocalOptParams:alipay_sdk=alipay-sdk-java-4.38.157.ALL&format=json^_^ApplicationParams:traceId=0600bf82177676522108820972755305&biz_content={"out_trade_no":"804431119492"}^_^Body:{"alipay_trade_query_response":{"msg":"Business Failed","code":"40004","out_trade_no":"804431119492","sub_msg":"交易不存在","sub_code":"ACQ.TRADE_NOT_EXIST","receipt_amount":"0.00","point_amount":"0.00","buyer_pay_amount":"0.00","invoice_amount":"0.00"},"sign":"KHMw8Uv/qAfySvlFt6aBehT7XOdBRZQmXhsBqD6jmLfATC9GN0Xee1QE/A9/M3kQRsvTeL3GlUT+47X1t/9qPCBuFNHWcIHRyS6JfNYWBWHPvrtNqv9bgq6wdrG9n+pmLLHjzgQQAwLTSa0YTuK+Br/QfPKTwkSlAmgsv4CIe5fgOO1o/NE6tiF1sptOdmDFaHQUOg4tf5YEcQ9qjZ0pEo02wCE74znrGWV8UgPdG5TVaGEo824kbHwFUef7/UpcJK7Nn0l2VROk2f7Y8CFE+r7blqTVU6VzS/R8mr3OtfJOdOUxoL8dDrDz8xBsqPS23PoNTsXMBw+oGsNKmbn4kA=="}^_^7ms,247ms,8ms^_^trace_id:0600bf82177676522108820972755305
26-04-21.17:53:42.003 [scheduling-1    ] INFO  NoPayNotifyOrderJob    - 任务：检测未接受到或未正确处理支付回调通知
26-04-21.17:53:42.224 [scheduling-1    ] ERROR err                    - ErrorScene^_^40004^_^ACQ.TRADE_NOT_EXIST^_^172.22.22.159^_^Windows 10^_^2026-04-21 17:53:42^_^ProtocalMustParams:charset=utf-8&method=alipay.trade.query&sign=LO2rzfaJMmMo4yVwKV64cBdfCoyrT//M9YdadKGJSjNnP7e1YdTC9i6K17qAITLOimZx6roe+iuNJw44Ros7VPZMU0Za2GQCEb4Jopz1tx8Il/MywJopxNtf3SH7DjcsBpS2uvapRpsrEbh2NyH65ChTWze1QXrqYH89VRDRq4wBHjl6a75g9fuoMUAU4FB9xwUxz82t+n/Ys4XOvl2utwXsdSWP3Ci6KLXhbNV+7qSrCJGLwY6FsiOPwObdlDCzvLDCtWbBFadjScYm8hHxh033HBvJP4eEl3z47HGCYyqspKfSpFWBANTs6CGlBYrTEbaBWK62Tq1QAyo/jivNHA==&version=1.0&app_id=9021000159639472&sign_type=RSA2&timestamp=2026-04-21 17:53:42^_^ProtocalOptParams:alipay_sdk=alipay-sdk-java-4.38.157.ALL&format=json^_^ApplicationParams:traceId=060389ba17767652240743081294248&biz_content={"out_trade_no":"804431119492"}^_^Body:{"alipay_trade_query_response":{"msg":"Business Failed","code":"40004","out_trade_no":"804431119492","sub_msg":"交易不存在","sub_code":"ACQ.TRADE_NOT_EXIST","receipt_amount":"0.00","point_amount":"0.00","buyer_pay_amount":"0.00","invoice_amount":"0.00"},"sign":"KHMw8Uv/qAfySvlFt6aBehT7XOdBRZQmXhsBqD6jmLfATC9GN0Xee1QE/A9/M3kQRsvTeL3GlUT+47X1t/9qPCBuFNHWcIHRyS6JfNYWBWHPvrtNqv9bgq6wdrG9n+pmLLHjzgQQAwLTSa0YTuK+Br/QfPKTwkSlAmgsv4CIe5fgOO1o/NE6tiF1sptOdmDFaHQUOg4tf5YEcQ9qjZ0pEo02wCE74znrGWV8UgPdG5TVaGEo824kbHwFUef7/UpcJK7Nn0l2VROk2f7Y8CFE+r7blqTVU6VzS/R8mr3OtfJOdOUxoL8dDrDz8xBsqPS23PoNTsXMBw+oGsNKmbn4kA=="}^_^8ms,204ms,8ms^_^trace_id:060389ba17767652240743081294248
26-04-21.17:53:45.010 [scheduling-1    ] INFO  NoPayNotifyOrderJob    - 任务：检测未接受到或未正确处理支付回调通知
26-04-21.17:53:57.037 [scheduling-1    ] ERROR err                    - ErrorScene^_^40004^_^ACQ.TRADE_NOT_EXIST^_^172.22.22.159^_^Windows 10^_^2026-04-21 17:53:57^_^ProtocalMustParams:charset=utf-8&method=alipay.trade.query&sign=f85iYszWNQbLn84188nIBhpsjG7USPfHPkrkRBNXRvduPp1giJHNVFNFTkzxRgphH2cYMuhZusldgcYumvHXl/k1PDhfPO4qQeT2gYT0ZakdNh4oIP0s6adiH6JHIx/OuJHa2zJXw/OelFYOUU28mG4dDVBEbPkIGJOGNQk2aF16zSA3kFZWdach1ApcB8j82EeqtC0nXMNN91gZmtVZKmeTH7JvwUj2IPc92b4MmPyzDqzOrww8JTuiwHf9nk7zyog/9V4Ey3MZ4GG0uQ2y7IT1VJ12z9obIsHlMIK3Yh75iKQ+7TkttO0p2+DJgJEXAhqf4FK7HDjOra7WCg+3Mw==&version=1.0&app_id=9021000159639472&sign_type=RSA2&timestamp=2026-04-21 17:53:45^_^ProtocalOptParams:alipay_sdk=alipay-sdk-java-4.38.157.ALL&format=json^_^ApplicationParams:traceId=0600bf82177676523889121202755305&biz_content={"out_trade_no":"804431119492"}^_^Body:{"alipay_trade_query_response":{"msg":"Business Failed","code":"40004","out_trade_no":"804431119492","sub_msg":"交易不存在","sub_code":"ACQ.TRADE_NOT_EXIST","receipt_amount":"0.00","point_amount":"0.00","buyer_pay_amount":"0.00","invoice_amount":"0.00"},"sign":"KHMw8Uv/qAfySvlFt6aBehT7XOdBRZQmXhsBqD6jmLfATC9GN0Xee1QE/A9/M3kQRsvTeL3GlUT+47X1t/9qPCBuFNHWcIHRyS6JfNYWBWHPvrtNqv9bgq6wdrG9n+pmLLHjzgQQAwLTSa0YTuK+Br/QfPKTwkSlAmgsv4CIe5fgOO1o/NE6tiF1sptOdmDFaHQUOg4tf5YEcQ9qjZ0pEo02wCE74znrGWV8UgPdG5TVaGEo824kbHwFUef7/UpcJK7Nn0l2VROk2f7Y8CFE+r7blqTVU6VzS/R8mr3OtfJOdOUxoL8dDrDz8xBsqPS23PoNTsXMBw+oGsNKmbn4kA=="}^_^7ms,12009ms,9ms^_^trace_id:0600bf82177676523889121202755305
26-04-21.17:54:00.005 [scheduling-1    ] INFO  NoPayNotifyOrderJob    - 任务：检测未接受到或未正确处理支付回调通知
26-04-21.17:54:00.304 [scheduling-1    ] ERROR err                    - ErrorScene^_^40004^_^ACQ.TRADE_NOT_EXIST^_^172.22.22.159^_^Windows 10^_^2026-04-21 17:54:00^_^ProtocalMustParams:charset=utf-8&method=alipay.trade.query&sign=OB7Xiqp3hS0qqmvcPUYKDJ0ok9fKARxrrEkJeEmc+WlfDAyKDxGkVFfrebs8nSR08ZnI4yy+IwcaZrF+AAA+j+cNODfUTAOV0SF0ELRFdgfy+60A8qHsEzfFluHk5mv/LENniE3M9NOpF81sOR+aK/c+cX5q/K8JUAE8svszeVhktiJVn9k6qA+QXaVxmk8Eanp2jvILD+hZF7FIh8ucJWLjttdrWg4/jyI0AbmZ0JKm9nmvjwm67yVlUs3JIK8tDEqkGO4JZYXubJnkEx7VE2B3O1mlF8XwFe/IJb66RDLLumc2R/XznlX71itnn/T6lI0chtId0qbUSkEDgFEakw==&version=1.0&app_id=9021000159639472&sign_type=RSA2&timestamp=2026-04-21 17:54:00^_^ProtocalOptParams:alipay_sdk=alipay-sdk-java-4.38.157.ALL&format=json^_^ApplicationParams:traceId=0601d6c7177676524214234627452&biz_content={"out_trade_no":"804431119492"}^_^Body:{"alipay_trade_query_response":{"msg":"Business Failed","code":"40004","out_trade_no":"804431119492","sub_msg":"交易不存在","sub_code":"ACQ.TRADE_NOT_EXIST","receipt_amount":"0.00","point_amount":"0.00","buyer_pay_amount":"0.00","invoice_amount":"0.00"},"sign":"KHMw8Uv/qAfySvlFt6aBehT7XOdBRZQmXhsBqD6jmLfATC9GN0Xee1QE/A9/M3kQRsvTeL3GlUT+47X1t/9qPCBuFNHWcIHRyS6JfNYWBWHPvrtNqv9bgq6wdrG9n+pmLLHjzgQQAwLTSa0YTuK+Br/QfPKTwkSlAmgsv4CIe5fgOO1o/NE6tiF1sptOdmDFaHQUOg4tf5YEcQ9qjZ0pEo02wCE74znrGWV8UgPdG5TVaGEo824kbHwFUef7/UpcJK7Nn0l2VROk2f7Y8CFE+r7blqTVU6VzS/R8mr3OtfJOdOUxoL8dDrDz8xBsqPS23PoNTsXMBw+oGsNKmbn4kA=="}^_^8ms,282ms,8ms^_^trace_id:0601d6c7177676524214234627452
26-04-21.17:54:03.008 [scheduling-1    ] INFO  NoPayNotifyOrderJob    - 任务：检测未接受到或未正确处理支付回调通知
26-04-21.17:54:03.276 [scheduling-1    ] ERROR err                    - ErrorScene^_^40004^_^ACQ.TRADE_NOT_EXIST^_^172.22.22.159^_^Windows 10^_^2026-04-21 17:54:03^_^ProtocalMustParams:charset=utf-8&method=alipay.trade.query&sign=JGVhA3MhSaTtkEGNBcmuFCRAa6TpkDQdEEvf8FIV2zlCcdzTxfswpkm5asNRGl8u+cGWedMAOCR/X/lPqs0EfdMUeB+w3AZAIdxEWw/MOWG7+++0nrfGSB42KXrMOUTTsjo67WqDC1rKoO/k/CMvuY1xrvX9VAfocPll6omSGLi46ykPbr1UMASLPdjJi/g5UbKpuppwfdFsbSy+ZkwgZqjT9d6FMtLpFCJvrZJs9ztiNgxeynhmrfR4FM7ZuzRKpsFfV4isFfHyf8ymZ/jRGHXcnQ+Vh9AFmNLLGt9GqXz0O+tDMNBggYTxlTiIoN/DbYxgmA+IbhBU2fuNWCp0wA==&version=1.0&app_id=9021000159639472&sign_type=RSA2&timestamp=2026-04-21 17:54:03^_^ProtocalOptParams:alipay_sdk=alipay-sdk-java-4.38.157.ALL&format=json^_^ApplicationParams:traceId=06022404177676524509174051838482&biz_content={"out_trade_no":"804431119492"}^_^Body:{"alipay_trade_query_response":{"msg":"Business Failed","code":"40004","out_trade_no":"804431119492","sub_msg":"交易不存在","sub_code":"ACQ.TRADE_NOT_EXIST","receipt_amount":"0.00","point_amount":"0.00","buyer_pay_amount":"0.00","invoice_amount":"0.00"},"sign":"KHMw8Uv/qAfySvlFt6aBehT7XOdBRZQmXhsBqD6jmLfATC9GN0Xee1QE/A9/M3kQRsvTeL3GlUT+47X1t/9qPCBuFNHWcIHRyS6JfNYWBWHPvrtNqv9bgq6wdrG9n+pmLLHjzgQQAwLTSa0YTuK+Br/QfPKTwkSlAmgsv4CIe5fgOO1o/NE6tiF1sptOdmDFaHQUOg4tf5YEcQ9qjZ0pEo02wCE74znrGWV8UgPdG5TVaGEo824kbHwFUef7/UpcJK7Nn0l2VROk2f7Y8CFE+r7blqTVU6VzS/R8mr3OtfJOdOUxoL8dDrDz8xBsqPS23PoNTsXMBw+oGsNKmbn4kA=="}^_^9ms,249ms,9ms^_^trace_id:06022404177676524509174051838482
26-04-21.17:54:06.004 [scheduling-1    ] INFO  NoPayNotifyOrderJob    - 任务：检测未接受到或未正确处理支付回调通知
26-04-21.17:54:06.309 [scheduling-1    ] ERROR err                    - ErrorScene^_^40004^_^ACQ.TRADE_NOT_EXIST^_^172.22.22.159^_^Windows 10^_^2026-04-21 17:54:06^_^ProtocalMustParams:charset=utf-8&method=alipay.trade.query&sign=SzQ0B718SH7LtqiMQF6JMl0yJPr27Zu24EkHRvUFHgW6IVIyv4H4LyWfqQ6t/MkWHfQO+SvZJ8jneojIqc6487fGVJugmsqTCxqewEQr771eAg1fpDYxe+Nojhnfr5gtx0OHuoP816hAIXC8HqfyrSuCb1B9l11INTovn7zDcCYoVLR6NOO0vCoZpBwJpBVamljFwW/NjB6NvHYPLN/NOtn3ds+B0XGtrxsVNfZo2VPPKKAIN4n6T3S58LnvaxucrKKHSS6WHmIRjvOqxGr3h8pfbIEHG6F/g+KtAaW18fbvgYZjOxEXJX0ZMvYCN9F5Soj438DxbLlz6+PwCljpsw==&version=1.0&app_id=9021000159639472&sign_type=RSA2&timestamp=2026-04-21 17:54:06^_^ProtocalOptParams:alipay_sdk=alipay-sdk-java-4.38.157.ALL&format=json^_^ApplicationParams:traceId=0601d58b177676524808162331828226&biz_content={"out_trade_no":"804431119492"}^_^Body:{"alipay_trade_query_response":{"msg":"Business Failed","code":"40004","out_trade_no":"804431119492","sub_msg":"交易不存在","sub_code":"ACQ.TRADE_NOT_EXIST","receipt_amount":"0.00","point_amount":"0.00","buyer_pay_amount":"0.00","invoice_amount":"0.00"},"sign":"KHMw8Uv/qAfySvlFt6aBehT7XOdBRZQmXhsBqD6jmLfATC9GN0Xee1QE/A9/M3kQRsvTeL3GlUT+47X1t/9qPCBuFNHWcIHRyS6JfNYWBWHPvrtNqv9bgq6wdrG9n+pmLLHjzgQQAwLTSa0YTuK+Br/QfPKTwkSlAmgsv4CIe5fgOO1o/NE6tiF1sptOdmDFaHQUOg4tf5YEcQ9qjZ0pEo02wCE74znrGWV8UgPdG5TVaGEo824kbHwFUef7/UpcJK7Nn0l2VROk2f7Y8CFE+r7blqTVU6VzS/R8mr3OtfJOdOUxoL8dDrDz8xBsqPS23PoNTsXMBw+oGsNKmbn4kA=="}^_^7ms,289ms,8ms^_^trace_id:0601d58b177676524808162331828226
26-04-21.17:54:09.016 [scheduling-1    ] INFO  NoPayNotifyOrderJob    - 任务：检测未接受到或未正确处理支付回调通知
26-04-21.17:54:09.248 [scheduling-1    ] ERROR err                    - ErrorScene^_^40004^_^ACQ.TRADE_NOT_EXIST^_^172.22.22.159^_^Windows 10^_^2026-04-21 17:54:09^_^ProtocalMustParams:charset=utf-8&method=alipay.trade.query&sign=dmvkEYFi3ftJ2S7mlQTuXaHWOdcyo9Ol4qFg7FT+ttO6NpgTLa3Jor0ARRsaz72bTX8AvBMR21HCRl9OV+ZZn7xmLxcxTDodlONg4IgyfVwJ6a3qZLqP/KP+CWqozGXbaqF2Ix106eXv2o4u1RsJQXTUFl1dD77MNFQrDeS79K0hNHPBXFe4z3Byfq63vCzbCCcpM0noUkS0E5k7svfHLyIjsZPgQYnzL8L0M57OSCSzqQ1+jSigOsUaw8xKYxcMObo4D6lfTs6TWV4dmOfyrZkE1v06BDv22nZJqTFIsZ3E/FhGgJNpXkDIK3iNWUAMGHOiA6TniktdRzGYYtybTw==&version=1.0&app_id=9021000159639472&sign_type=RSA2&timestamp=2026-04-21 17:54:09^_^ProtocalOptParams:alipay_sdk=alipay-sdk-java-4.38.157.ALL&format=json^_^ApplicationParams:traceId=06013ec2177676525109628372844782&biz_content={"out_trade_no":"804431119492"}^_^Body:{"alipay_trade_query_response":{"msg":"Business Failed","code":"40004","out_trade_no":"804431119492","sub_msg":"交易不存在","sub_code":"ACQ.TRADE_NOT_EXIST","receipt_amount":"0.00","point_amount":"0.00","buyer_pay_amount":"0.00","invoice_amount":"0.00"},"sign":"KHMw8Uv/qAfySvlFt6aBehT7XOdBRZQmXhsBqD6jmLfATC9GN0Xee1QE/A9/M3kQRsvTeL3GlUT+47X1t/9qPCBuFNHWcIHRyS6JfNYWBWHPvrtNqv9bgq6wdrG9n+pmLLHjzgQQAwLTSa0YTuK+Br/QfPKTwkSlAmgsv4CIe5fgOO1o/NE6tiF1sptOdmDFaHQUOg4tf5YEcQ9qjZ0pEo02wCE74znrGWV8UgPdG5TVaGEo824kbHwFUef7/UpcJK7Nn0l2VROk2f7Y8CFE+r7blqTVU6VzS/R8mr3OtfJOdOUxoL8dDrDz8xBsqPS23PoNTsXMBw+oGsNKmbn4kA=="}^_^7ms,216ms,8ms^_^trace_id:06013ec2177676525109628372844782
26-04-21.17:54:12.013 [scheduling-1    ] INFO  NoPayNotifyOrderJob    - 任务：检测未接受到或未正确处理支付回调通知
26-04-21.17:54:12.202 [scheduling-1    ] ERROR err                    - ErrorScene^_^40004^_^ACQ.TRADE_NOT_EXIST^_^172.22.22.159^_^Windows 10^_^2026-04-21 17:54:12^_^ProtocalMustParams:charset=utf-8&method=alipay.trade.query&sign=RZIFiXXfdXlmo7AwHNRR/rtEVJct8mRu5YQwQRYkIZXFXcYP4+9AvXU/qMku6G+fk1BgJarrkRT10yK0h7QI2MuHDCVnDMEP69KkRpIYIb9lVi6UqjZOM3loqvKkapG8aYVIBm3lKg3WVv69nb/tCRlfLKVSg88FbyipvyvaAvbYGnb4N3AQCerAp2cqNeSBwK7VZUlFN6W5R3bFkQ0j7/DDMRH3H/JExcMrJLd9qvv4KOUPMECiY/ySKNhKTSgwoNvaik2MbG6fBSg2aOm4Cp8Z2zr5/o2i2cImDHZJWZhQ/grNeBpRpwUv+Az+9Y/ZAjj6JusAFwf4eNOxxSonug==&version=1.0&app_id=9021000159639472&sign_type=RSA2&timestamp=2026-04-21 17:54:12^_^ProtocalOptParams:alipay_sdk=alipay-sdk-java-4.38.157.ALL&format=json^_^ApplicationParams:traceId=06013ec2177676525408428502844782&biz_content={"out_trade_no":"804431119492"}^_^Body:{"alipay_trade_query_response":{"msg":"Business Failed","code":"40004","out_trade_no":"804431119492","sub_msg":"交易不存在","sub_code":"ACQ.TRADE_NOT_EXIST","receipt_amount":"0.00","point_amount":"0.00","buyer_pay_amount":"0.00","invoice_amount":"0.00"},"sign":"KHMw8Uv/qAfySvlFt6aBehT7XOdBRZQmXhsBqD6jmLfATC9GN0Xee1QE/A9/M3kQRsvTeL3GlUT+47X1t/9qPCBuFNHWcIHRyS6JfNYWBWHPvrtNqv9bgq6wdrG9n+pmLLHjzgQQAwLTSa0YTuK+Br/QfPKTwkSlAmgsv4CIe5fgOO1o/NE6tiF1sptOdmDFaHQUOg4tf5YEcQ9qjZ0pEo02wCE74znrGWV8UgPdG5TVaGEo824kbHwFUef7/UpcJK7Nn0l2VROk2f7Y8CFE+r7blqTVU6VzS/R8mr3OtfJOdOUxoL8dDrDz8xBsqPS23PoNTsXMBw+oGsNKmbn4kA=="}^_^8ms,171ms,8ms^_^trace_id:06013ec2177676525408428502844782
26-04-21.17:54:15.010 [scheduling-1    ] INFO  NoPayNotifyOrderJob    - 任务：检测未接受到或未正确处理支付回调通知
26-04-21.17:54:15.231 [scheduling-1    ] ERROR err                    - ErrorScene^_^40004^_^ACQ.TRADE_NOT_EXIST^_^172.22.22.159^_^Windows 10^_^2026-04-21 17:54:15^_^ProtocalMustParams:charset=utf-8&method=alipay.trade.query&sign=QyjVxJ8v0GXdcQwsj7v48DP1+i2B1SGwKFSHK8dhhDYbVGEpMpjXa7ReUAZfzVZ9F4tYnT7Vonu+B/gAgP+2OHs57Vke4r7MBrRSZBrTa6uN5tx/07mCT6v1fOOOn7CY0IpyIP10dG3100BAjCPU5gVmbF5HMCxsUC2kxDakNM6TcXR6hHXFisCiOMeP4x5g7kCo+QyEERkIcr1oUa1p9G1ecyY8AHPBudKixqREfI48VdDVndqEv3/rVydyClTwT0qsP/DbW91mmuLkDkZAsQpD94YLTEgc5R6WI1bHIwHEAm5xrDBasiNw6lYrVotkAeBsBUJIMKF/NngymwaUcw==&version=1.0&app_id=9021000159639472&sign_type=RSA2&timestamp=2026-04-21 17:54:15^_^ProtocalOptParams:alipay_sdk=alipay-sdk-java-4.38.157.ALL&format=json^_^ApplicationParams:traceId=060389ba17767652570833234294248&biz_content={"out_trade_no":"804431119492"}^_^Body:{"alipay_trade_query_response":{"msg":"Business Failed","code":"40004","out_trade_no":"804431119492","sub_msg":"交易不存在","sub_code":"ACQ.TRADE_NOT_EXIST","receipt_amount":"0.00","point_amount":"0.00","buyer_pay_amount":"0.00","invoice_amount":"0.00"},"sign":"KHMw8Uv/qAfySvlFt6aBehT7XOdBRZQmXhsBqD6jmLfATC9GN0Xee1QE/A9/M3kQRsvTeL3GlUT+47X1t/9qPCBuFNHWcIHRyS6JfNYWBWHPvrtNqv9bgq6wdrG9n+pmLLHjzgQQAwLTSa0YTuK+Br/QfPKTwkSlAmgsv4CIe5fgOO1o/NE6tiF1sptOdmDFaHQUOg4tf5YEcQ9qjZ0pEo02wCE74znrGWV8UgPdG5TVaGEo824kbHwFUef7/UpcJK7Nn0l2VROk2f7Y8CFE+r7blqTVU6VzS/R8mr3OtfJOdOUxoL8dDrDz8xBsqPS23PoNTsXMBw+oGsNKmbn4kA=="}^_^7ms,205ms,8ms^_^trace_id:060389ba17767652570833234294248
26-04-21.17:54:18.007 [scheduling-1    ] INFO  NoPayNotifyOrderJob    - 任务：检测未接受到或未正确处理支付回调通知
26-04-21.17:54:18.449 [scheduling-1    ] ERROR err                    - ErrorScene^_^40004^_^ACQ.TRADE_NOT_EXIST^_^172.22.22.159^_^Windows 10^_^2026-04-21 17:54:18^_^ProtocalMustParams:charset=utf-8&method=alipay.trade.query&sign=Pd6PMSjLQzwTBvJbRZBR3FjJA+vzX7+V1CnrsX3FldtDyfGiQuOP6XLgEH4iy8FWYvNwVJQ11cAnw0uk7gEAUB7ZfrXgL4YnXnOdRkimfiz5QpfSPsHc7obk3ImI0USJWLjg+1S5nm/9e8NZBAQ4jMNn8QWAbiIWFdgjVEF42i4ZwLHJw7sPKSLrJNwsPNLUn+o8ejgvvaoOxigYCo32SOwJUPk84t26Aw3abP+FnTb4wNTLwFk23sjiIgfWtU1zLzNGt6fbGggL6yWLnpJ8RWER6TU4E1MWxNvcuZIVCane7GHt62h5QXK6uvG5aypt6c7WJbltD976nBnFD+jFSg==&version=1.0&app_id=9021000159639472&sign_type=RSA2&timestamp=2026-04-21 17:54:18^_^ProtocalOptParams:alipay_sdk=alipay-sdk-java-4.38.157.ALL&format=json^_^ApplicationParams:traceId=06022404177676526027974801838482&biz_content={"out_trade_no":"804431119492"}^_^Body:{"alipay_trade_query_response":{"msg":"Business Failed","code":"40004","out_trade_no":"804431119492","sub_msg":"交易不存在","sub_code":"ACQ.TRADE_NOT_EXIST","receipt_amount":"0.00","point_amount":"0.00","buyer_pay_amount":"0.00","invoice_amount":"0.00"},"sign":"KHMw8Uv/qAfySvlFt6aBehT7XOdBRZQmXhsBqD6jmLfATC9GN0Xee1QE/A9/M3kQRsvTeL3GlUT+47X1t/9qPCBuFNHWcIHRyS6JfNYWBWHPvrtNqv9bgq6wdrG9n+pmLLHjzgQQAwLTSa0YTuK+Br/QfPKTwkSlAmgsv4CIe5fgOO1o/NE6tiF1sptOdmDFaHQUOg4tf5YEcQ9qjZ0pEo02wCE74znrGWV8UgPdG5TVaGEo824kbHwFUef7/UpcJK7Nn0l2VROk2f7Y8CFE+r7blqTVU6VzS/R8mr3OtfJOdOUxoL8dDrDz8xBsqPS23PoNTsXMBw+oGsNKmbn4kA=="}^_^8ms,426ms,8ms^_^trace_id:06022404177676526027974801838482
26-04-21.17:54:21.010 [scheduling-1    ] INFO  NoPayNotifyOrderJob    - 任务：检测未接受到或未正确处理支付回调通知
26-04-21.17:54:21.269 [scheduling-1    ] ERROR err                    - ErrorScene^_^40004^_^ACQ.TRADE_NOT_EXIST^_^172.22.22.159^_^Windows 10^_^2026-04-21 17:54:21^_^ProtocalMustParams:charset=utf-8&method=alipay.trade.query&sign=dkuoNPg8EaX9Df7yx3jAioXPn5S+0v7gLiQRES3WHJ2HG1L9wgxj6tdKxyawAt6p5N8TRa+o/g270OZykXBhMGGgJJnKZGtTFCbkzLah/60rr5HxSU/DmguZiFnnz8+/7CabI2LtzH+tE7eoLZIVfmxIYoeVBim5Z3tXJcuTA0oJL32n4VsF/y9sovhZI/jBJOFv8ww1RSM9ge9WisIRy9tRktfqIB90Or71VUbGnLuGc7efb1AYrN7K327FtxV2fGX+fay2JhvpGBdI+jqEtt5lDsjaZ66Otv2hyPxGLZ7BxiwblXizWKjB18p+2ESduON7p/41YcS9YGvZzmzH0w==&version=1.0&app_id=9021000159639472&sign_type=RSA2&timestamp=2026-04-21 17:54:21^_^ProtocalOptParams:alipay_sdk=alipay-sdk-java-4.38.157.ALL&format=json^_^ApplicationParams:traceId=0601ac3e177676526309723016638&biz_content={"out_trade_no":"804431119492"}^_^Body:{"alipay_trade_query_response":{"msg":"Business Failed","code":"40004","out_trade_no":"804431119492","sub_msg":"交易不存在","sub_code":"ACQ.TRADE_NOT_EXIST","receipt_amount":"0.00","point_amount":"0.00","buyer_pay_amount":"0.00","invoice_amount":"0.00"},"sign":"KHMw8Uv/qAfySvlFt6aBehT7XOdBRZQmXhsBqD6jmLfATC9GN0Xee1QE/A9/M3kQRsvTeL3GlUT+47X1t/9qPCBuFNHWcIHRyS6JfNYWBWHPvrtNqv9bgq6wdrG9n+pmLLHjzgQQAwLTSa0YTuK+Br/QfPKTwkSlAmgsv4CIe5fgOO1o/NE6tiF1sptOdmDFaHQUOg4tf5YEcQ9qjZ0pEo02wCE74znrGWV8UgPdG5TVaGEo824kbHwFUef7/UpcJK7Nn0l2VROk2f7Y8CFE+r7blqTVU6VzS/R8mr3OtfJOdOUxoL8dDrDz8xBsqPS23PoNTsXMBw+oGsNKmbn4kA=="}^_^7ms,244ms,6ms^_^trace_id:0601ac3e177676526309723016638
26-04-21.17:54:24.004 [scheduling-1    ] INFO  NoPayNotifyOrderJob    - 任务：检测未接受到或未正确处理支付回调通知
26-04-21.17:54:24.250 [scheduling-1    ] ERROR err                    - ErrorScene^_^40004^_^ACQ.TRADE_NOT_EXIST^_^172.22.22.159^_^Windows 10^_^2026-04-21 17:54:24^_^ProtocalMustParams:charset=utf-8&method=alipay.trade.query&sign=ObPgkzWxrdUK9z16IUj0tqcTSjtS/t2XvTH41/SLdpII6SYrO+/tWCVuw8/20LUto0jMXTNY3wZ77x32muK4jnlHIxEId9dFzCJ4LNy0Ypykf7SZXOItIV3dJcH+VNFmG3OLEjUvRiTv+QspyzFGL/caLXwshDxd1YgZ7n0DAjGXQhGIDJJjisYZ+ZdC9yJbFmws2JzF3pPQOTF/HcNWMhUjHutt4nAOAW/vwYh59S+VQ8cwi0U+VckWn0ZXNRSn64Uk9IwP2HHy6H9+gMgEYw5n/92XNvIU2hBtDAng5+k27YzebBQa77ZU5C6SSJ0gZfd1w7PFf0Qzxf6GOBgXhw==&version=1.0&app_id=9021000159639472&sign_type=RSA2&timestamp=2026-04-21 17:54:24^_^ProtocalOptParams:alipay_sdk=alipay-sdk-java-4.38.157.ALL&format=json^_^ApplicationParams:traceId=0600019a177676526610259221495119&biz_content={"out_trade_no":"804431119492"}^_^Body:{"alipay_trade_query_response":{"msg":"Business Failed","code":"40004","out_trade_no":"804431119492","sub_msg":"交易不存在","sub_code":"ACQ.TRADE_NOT_EXIST","receipt_amount":"0.00","point_amount":"0.00","buyer_pay_amount":"0.00","invoice_amount":"0.00"},"sign":"KHMw8Uv/qAfySvlFt6aBehT7XOdBRZQmXhsBqD6jmLfATC9GN0Xee1QE/A9/M3kQRsvTeL3GlUT+47X1t/9qPCBuFNHWcIHRyS6JfNYWBWHPvrtNqv9bgq6wdrG9n+pmLLHjzgQQAwLTSa0YTuK+Br/QfPKTwkSlAmgsv4CIe5fgOO1o/NE6tiF1sptOdmDFaHQUOg4tf5YEcQ9qjZ0pEo02wCE74znrGWV8UgPdG5TVaGEo824kbHwFUef7/UpcJK7Nn0l2VROk2f7Y8CFE+r7blqTVU6VzS/R8mr3OtfJOdOUxoL8dDrDz8xBsqPS23PoNTsXMBw+oGsNKmbn4kA=="}^_^8ms,229ms,9ms^_^trace_id:0600019a177676526610259221495119
26-04-21.17:54:27.014 [scheduling-1    ] INFO  NoPayNotifyOrderJob    - 任务：检测未接受到或未正确处理支付回调通知
26-04-21.17:54:27.244 [scheduling-1    ] ERROR err                    - ErrorScene^_^40004^_^ACQ.TRADE_NOT_EXIST^_^172.22.22.159^_^Windows 10^_^2026-04-21 17:54:27^_^ProtocalMustParams:charset=utf-8&method=alipay.trade.query&sign=btjEsWK61XVFIxVyVz1wPpM3CBOHmNu3C5V0kdyisk3KaiRgQ93mCXsa9uqWWSxwByth8S4YQS9wRK7OUeTnOuJF06b+xf6QR1xfWJ9zsKb5y1kvT7kg4etj/4oM+EcN2QILH5wYttb4nv5jV7gerfIEFhygxZYhcl/Py3AXtU5jt7h0Mb/miwS28FAyg82OSrRbVQWCkO+IZ0gbtqUadNn36g04dDH4TAHD+rAZBhKl6ABlQoNJOrQvSVjICGjOVhR3/rgZ6XNJSCkhSb0eZgNJnXr4mYxlpoRXYUum5LLgmaz7LxR2WF7KVlwFstl1VfN6H1QbPrnG478atBaNyg==&version=1.0&app_id=9021000159639472&sign_type=RSA2&timestamp=2026-04-21 17:54:27^_^ProtocalOptParams:alipay_sdk=alipay-sdk-java-4.38.157.ALL&format=json^_^ApplicationParams:traceId=06013ec2177676526909929242844782&biz_content={"out_trade_no":"804431119492"}^_^Body:{"alipay_trade_query_response":{"msg":"Business Failed","code":"40004","out_trade_no":"804431119492","sub_msg":"交易不存在","sub_code":"ACQ.TRADE_NOT_EXIST","receipt_amount":"0.00","point_amount":"0.00","buyer_pay_amount":"0.00","invoice_amount":"0.00"},"sign":"KHMw8Uv/qAfySvlFt6aBehT7XOdBRZQmXhsBqD6jmLfATC9GN0Xee1QE/A9/M3kQRsvTeL3GlUT+47X1t/9qPCBuFNHWcIHRyS6JfNYWBWHPvrtNqv9bgq6wdrG9n+pmLLHjzgQQAwLTSa0YTuK+Br/QfPKTwkSlAmgsv4CIe5fgOO1o/NE6tiF1sptOdmDFaHQUOg4tf5YEcQ9qjZ0pEo02wCE74znrGWV8UgPdG5TVaGEo824kbHwFUef7/UpcJK7Nn0l2VROk2f7Y8CFE+r7blqTVU6VzS/R8mr3OtfJOdOUxoL8dDrDz8xBsqPS23PoNTsXMBw+oGsNKmbn4kA=="}^_^8ms,214ms,7ms^_^trace_id:06013ec2177676526909929242844782
26-04-21.17:54:30.005 [scheduling-1    ] INFO  NoPayNotifyOrderJob    - 任务：检测未接受到或未正确处理支付回调通知
26-04-21.17:54:32.894 [scheduling-1    ] ERROR err                    - ErrorScene^_^40004^_^ACQ.TRADE_NOT_EXIST^_^172.22.22.159^_^Windows 10^_^2026-04-21 17:54:32^_^ProtocalMustParams:charset=utf-8&method=alipay.trade.query&sign=JlxwTuYme8/eRKnL5pADT7tq79BoyU3CyRgkOIIH/5qp5qdpnGexW3KYeWlTC30791pwK1YCivrp207wbASqgLfS9/nSwLd7dSv/E27RuhgSCGY5D6yTFUERekgyNuxohSnBTtXKiKEXRC96tcHeaP7o9n6pBlTSZfBikrnet0OFM/TsVinmMKQcS0KUg0Q8JjeMoFn3QKFVYSCk0Q3dfKgUZweiMrvoWhFy1LsbTBBVg9VIYXMHQRsAjPlgER1SMo8BKJ7Dv7qqSBkx0i9Kn/XJel0eehGbcK5eDV96wI8oTK4BfVpeJr6NEvU7xEy76Ylj1w63fD9cVYx9XwW4Xg==&version=1.0&app_id=9021000159639472&sign_type=RSA2&timestamp=2026-04-21 17:54:30^_^ProtocalOptParams:alipay_sdk=alipay-sdk-java-4.38.157.ALL&format=json^_^ApplicationParams:traceId=0601d58b177676527469063251828226&biz_content={"out_trade_no":"804431119492"}^_^Body:{"alipay_trade_query_response":{"msg":"Business Failed","code":"40004","out_trade_no":"804431119492","sub_msg":"交易不存在","sub_code":"ACQ.TRADE_NOT_EXIST","receipt_amount":"0.00","point_amount":"0.00","buyer_pay_amount":"0.00","invoice_amount":"0.00"},"sign":"KHMw8Uv/qAfySvlFt6aBehT7XOdBRZQmXhsBqD6jmLfATC9GN0Xee1QE/A9/M3kQRsvTeL3GlUT+47X1t/9qPCBuFNHWcIHRyS6JfNYWBWHPvrtNqv9bgq6wdrG9n+pmLLHjzgQQAwLTSa0YTuK+Br/QfPKTwkSlAmgsv4CIe5fgOO1o/NE6tiF1sptOdmDFaHQUOg4tf5YEcQ9qjZ0pEo02wCE74znrGWV8UgPdG5TVaGEo824kbHwFUef7/UpcJK7Nn0l2VROk2f7Y8CFE+r7blqTVU6VzS/R8mr3OtfJOdOUxoL8dDrDz8xBsqPS23PoNTsXMBw+oGsNKmbn4kA=="}^_^8ms,2872ms,8ms^_^trace_id:0601d58b177676527469063251828226
26-04-21.17:54:33.005 [scheduling-1    ] INFO  NoPayNotifyOrderJob    - 任务：检测未接受到或未正确处理支付回调通知
26-04-21.17:54:33.296 [scheduling-1    ] ERROR err                    - ErrorScene^_^40004^_^ACQ.TRADE_NOT_EXIST^_^172.22.22.159^_^Windows 10^_^2026-04-21 17:54:33^_^ProtocalMustParams:charset=utf-8&method=alipay.trade.query&sign=Nm2kBD/bo6h58iIdfOqjVoeiTAKD4cbJ+Q+rwkLEVId+B+dAp4DaNnW4GRBMcjA4cPeuus1TZ9D7fBKBMS4EL+8wyPsv4JJ889OWB12LiTEgv79XI/SWuKR1Aq8N1XvSzBq/IPpVPH2xFYplr2gqU8emyzVqenMwBlThlfQ65zfw3GcZjDPqM1A2bDMGea+P7KCIPGO/iDdXah97MZhOrVt5zj1Z4WhzYOqIjVJ6fKjth0CASyI7M+FnE0xN2beoR+uz+M96/zTOWiG2V783av/n87+cr5GFU+iGRWR/u0WrjDR/Zrp+VSmi9C2K6JW+7IQQ9kHiRW04Ql79vZsCPg==&version=1.0&app_id=9021000159639472&sign_type=RSA2&timestamp=2026-04-21 17:54:33^_^ProtocalOptParams:alipay_sdk=alipay-sdk-java-4.38.157.ALL&format=json^_^ApplicationParams:traceId=0601ac3e177676527509323416638&biz_content={"out_trade_no":"804431119492"}^_^Body:{"alipay_trade_query_response":{"msg":"Business Failed","code":"40004","out_trade_no":"804431119492","sub_msg":"交易不存在","sub_code":"ACQ.TRADE_NOT_EXIST","receipt_amount":"0.00","point_amount":"0.00","buyer_pay_amount":"0.00","invoice_amount":"0.00"},"sign":"KHMw8Uv/qAfySvlFt6aBehT7XOdBRZQmXhsBqD6jmLfATC9GN0Xee1QE/A9/M3kQRsvTeL3GlUT+47X1t/9qPCBuFNHWcIHRyS6JfNYWBWHPvrtNqv9bgq6wdrG9n+pmLLHjzgQQAwLTSa0YTuK+Br/QfPKTwkSlAmgsv4CIe5fgOO1o/NE6tiF1sptOdmDFaHQUOg4tf5YEcQ9qjZ0pEo02wCE74znrGWV8UgPdG5TVaGEo824kbHwFUef7/UpcJK7Nn0l2VROk2f7Y8CFE+r7blqTVU6VzS/R8mr3OtfJOdOUxoL8dDrDz8xBsqPS23PoNTsXMBw+oGsNKmbn4kA=="}^_^8ms,275ms,7ms^_^trace_id:0601ac3e177676527509323416638
26-04-21.17:54:36.004 [scheduling-1    ] INFO  NoPayNotifyOrderJob    - 任务：检测未接受到或未正确处理支付回调通知
26-04-21.17:54:36.268 [scheduling-1    ] ERROR err                    - ErrorScene^_^40004^_^ACQ.TRADE_NOT_EXIST^_^172.22.22.159^_^Windows 10^_^2026-04-21 17:54:36^_^ProtocalMustParams:charset=utf-8&method=alipay.trade.query&sign=XM0HwkTg/D+2QTHiRRzwKnEC5bLhzVlsndrKb9WgEN0D6Gnl2Bfs/1hbADkihvVBI2MbWgsNih9/lmpjy/VEkcYzil1G1OgcT1JitFUVOPFZXvLCYENpiqL7hekiqBBHvSU3nfRUWZkhOrJ9b2BeRMGFGCOYf66iMQy/JGSfRtklZ/fAGav4lh+jm36QgxVUYLWc8Ht03mtLS+kH3NaiHBV+8ttRxWx7UX3/gsLAkiMDmyM9yyci2rRfCNBKFmgDRrsFeG0N8lzjLQ7AseXb1mmCE8hxhcoKStG9QrGNqSoYoCT0Lhad4wxbWxzkmWoLzZX6xSmH0xnJcOt6/V7Rbg==&version=1.0&app_id=9021000159639472&sign_type=RSA2&timestamp=2026-04-21 17:54:36^_^ProtocalOptParams:alipay_sdk=alipay-sdk-java-4.38.157.ALL&format=json^_^ApplicationParams:traceId=0601d58b177676527808163541828226&biz_content={"out_trade_no":"804431119492"}^_^Body:{"alipay_trade_query_response":{"msg":"Business Failed","code":"40004","out_trade_no":"804431119492","sub_msg":"交易不存在","sub_code":"ACQ.TRADE_NOT_EXIST","receipt_amount":"0.00","point_amount":"0.00","buyer_pay_amount":"0.00","invoice_amount":"0.00"},"sign":"KHMw8Uv/qAfySvlFt6aBehT7XOdBRZQmXhsBqD6jmLfATC9GN0Xee1QE/A9/M3kQRsvTeL3GlUT+47X1t/9qPCBuFNHWcIHRyS6JfNYWBWHPvrtNqv9bgq6wdrG9n+pmLLHjzgQQAwLTSa0YTuK+Br/QfPKTwkSlAmgsv4CIe5fgOO1o/NE6tiF1sptOdmDFaHQUOg4tf5YEcQ9qjZ0pEo02wCE74znrGWV8UgPdG5TVaGEo824kbHwFUef7/UpcJK7Nn0l2VROk2f7Y8CFE+r7blqTVU6VzS/R8mr3OtfJOdOUxoL8dDrDz8xBsqPS23PoNTsXMBw+oGsNKmbn4kA=="}^_^7ms,248ms,8ms^_^trace_id:0601d58b177676527808163541828226
26-04-21.17:54:39.005 [scheduling-1    ] INFO  NoPayNotifyOrderJob    - 任务：检测未接受到或未正确处理支付回调通知
26-04-21.17:54:39.250 [scheduling-1    ] ERROR err                    - ErrorScene^_^40004^_^ACQ.TRADE_NOT_EXIST^_^172.22.22.159^_^Windows 10^_^2026-04-21 17:54:39^_^ProtocalMustParams:charset=utf-8&method=alipay.trade.query&sign=XISKzpUF/KN/K0gZ0FSCBhO/lCncOxDzdb7437bnM5FKdJ9dGFfv4kbQCGIihjP+kxPETvvJz2LsKEyrLYHl8eOL26QXIGjtwz3a4FoyEMwMNzsmKHT1t0wv+RHpn1ND73+RCi8nGc+3NlCORZNUDZwyJvG7710igazNAGlO5FnBQ5m2G8iHVL3Ctp1kPLFdpkk5hceSDmeFKyYw5Fyn8WmyBr03BrunM/tmjqTrHL8zI5aO53AbByI99A1KDhfLTdGtmXjRRjsNeo1WTMACCav1v3fRx8vomLv3SQEbYlkUCS1ByZP+PRByl+TkOs6dkp5EMkehXqAZmU3JCCvSgA==&version=1.0&app_id=9021000159639472&sign_type=RSA2&timestamp=2026-04-21 17:54:39^_^ProtocalOptParams:alipay_sdk=alipay-sdk-java-4.38.157.ALL&format=json^_^ApplicationParams:traceId=0601d6c7177676528109036347452&biz_content={"out_trade_no":"804431119492"}^_^Body:{"alipay_trade_query_response":{"msg":"Business Failed","code":"40004","out_trade_no":"804431119492","sub_msg":"交易不存在","sub_code":"ACQ.TRADE_NOT_EXIST","receipt_amount":"0.00","point_amount":"0.00","buyer_pay_amount":"0.00","invoice_amount":"0.00"},"sign":"KHMw8Uv/qAfySvlFt6aBehT7XOdBRZQmXhsBqD6jmLfATC9GN0Xee1QE/A9/M3kQRsvTeL3GlUT+47X1t/9qPCBuFNHWcIHRyS6JfNYWBWHPvrtNqv9bgq6wdrG9n+pmLLHjzgQQAwLTSa0YTuK+Br/QfPKTwkSlAmgsv4CIe5fgOO1o/NE6tiF1sptOdmDFaHQUOg4tf5YEcQ9qjZ0pEo02wCE74znrGWV8UgPdG5TVaGEo824kbHwFUef7/UpcJK7Nn0l2VROk2f7Y8CFE+r7blqTVU6VzS/R8mr3OtfJOdOUxoL8dDrDz8xBsqPS23PoNTsXMBw+oGsNKmbn4kA=="}^_^7ms,228ms,9ms^_^trace_id:0601d6c7177676528109036347452
26-04-21.17:54:42.013 [scheduling-1    ] INFO  NoPayNotifyOrderJob    - 任务：检测未接受到或未正确处理支付回调通知
26-04-21.17:54:42.248 [scheduling-1    ] ERROR err                    - ErrorScene^_^40004^_^ACQ.TRADE_NOT_EXIST^_^172.22.22.159^_^Windows 10^_^2026-04-21 17:54:42^_^ProtocalMustParams:charset=utf-8&method=alipay.trade.query&sign=aP5+xa9QCqF5sl33OdrkxDpqxXzvXCJVYF563Z8R3aARMHYDfc892+hbD8tXsyjuX5q6u5MPkkl34VxqG8mrvyhoG4e5sksAChZ6SgB1vYU3JElc+9u9Kclm3tJccIBsz1eyTPd11L527EQrr4mDHt79hmLwyuXJakIGXOZq8evjGpkaxm94dVyGLCGH3hPmTlbFLypf2iJZSLR8u/AoHefETls4NZvSuTC/ghjfAihMDGKoyOWCptMtPFDHzQWelsoW86mjdGMBORVG13kWE1wh/dWg/HhcWQwjrqLpYWkdi+Yvdmo3GB/nPGwbILkVkki2jM/yeehUIJwx7OV22Q==&version=1.0&app_id=9021000159639472&sign_type=RSA2&timestamp=2026-04-21 17:54:42^_^ProtocalOptParams:alipay_sdk=alipay-sdk-java-4.38.157.ALL&format=json^_^ApplicationParams:traceId=0601d6c7177676528408936497452&biz_content={"out_trade_no":"804431119492"}^_^Body:{"alipay_trade_query_response":{"msg":"Business Failed","code":"40004","out_trade_no":"804431119492","sub_msg":"交易不存在","sub_code":"ACQ.TRADE_NOT_EXIST","receipt_amount":"0.00","point_amount":"0.00","buyer_pay_amount":"0.00","invoice_amount":"0.00"},"sign":"KHMw8Uv/qAfySvlFt6aBehT7XOdBRZQmXhsBqD6jmLfATC9GN0Xee1QE/A9/M3kQRsvTeL3GlUT+47X1t/9qPCBuFNHWcIHRyS6JfNYWBWHPvrtNqv9bgq6wdrG9n+pmLLHjzgQQAwLTSa0YTuK+Br/QfPKTwkSlAmgsv4CIe5fgOO1o/NE6tiF1sptOdmDFaHQUOg4tf5YEcQ9qjZ0pEo02wCE74znrGWV8UgPdG5TVaGEo824kbHwFUef7/UpcJK7Nn0l2VROk2f7Y8CFE+r7blqTVU6VzS/R8mr3OtfJOdOUxoL8dDrDz8xBsqPS23PoNTsXMBw+oGsNKmbn4kA=="}^_^8ms,218ms,8ms^_^trace_id:0601d6c7177676528408936497452
26-04-21.17:54:45.011 [scheduling-1    ] INFO  NoPayNotifyOrderJob    - 任务：检测未接受到或未正确处理支付回调通知
26-04-21.17:54:45.285 [scheduling-1    ] ERROR err                    - ErrorScene^_^40004^_^ACQ.TRADE_NOT_EXIST^_^172.22.22.159^_^Windows 10^_^2026-04-21 17:54:45^_^ProtocalMustParams:charset=utf-8&method=alipay.trade.query&sign=FKFPxaUekarVCxYxh08J2JNK7rQdYd06bQhhrtl/DBMSY1POfEV0R4z5jwhaxImUxvrjMUuRvn4c6UTyz8hbBgUX+WZmbHqgMuYBM+7aSivI4T0yI2vQ8QfxeoEafbriSNNvd3JplvS/ZXigqFTmOLyyulMuBlh7/i/9LKflY32N0Y0KjWspiFzoCqNrtISLoMLHE2/03h3/PJ6zrm6dglkwoE7sZsDLEEmK0B8UNaU1MgXzZ77JrBFA0CnRLOeFQvCclPG9njn992o7DQUmk1/nGejcq0k7y1kR9KMkVHaQZvunxPSbPuOGwN0mtMZ5u2X1n3LD7hnPPAJ9QqOxOA==&version=1.0&app_id=9021000159639472&sign_type=RSA2&timestamp=2026-04-21 17:54:45^_^ProtocalOptParams:alipay_sdk=alipay-sdk-java-4.38.157.ALL&format=json^_^ApplicationParams:traceId=06022404177676528709675781838482&biz_content={"out_trade_no":"804431119492"}^_^Body:{"alipay_trade_query_response":{"msg":"Business Failed","code":"40004","out_trade_no":"804431119492","sub_msg":"交易不存在","sub_code":"ACQ.TRADE_NOT_EXIST","receipt_amount":"0.00","point_amount":"0.00","buyer_pay_amount":"0.00","invoice_amount":"0.00"},"sign":"KHMw8Uv/qAfySvlFt6aBehT7XOdBRZQmXhsBqD6jmLfATC9GN0Xee1QE/A9/M3kQRsvTeL3GlUT+47X1t/9qPCBuFNHWcIHRyS6JfNYWBWHPvrtNqv9bgq6wdrG9n+pmLLHjzgQQAwLTSa0YTuK+Br/QfPKTwkSlAmgsv4CIe5fgOO1o/NE6tiF1sptOdmDFaHQUOg4tf5YEcQ9qjZ0pEo02wCE74znrGWV8UgPdG5TVaGEo824kbHwFUef7/UpcJK7Nn0l2VROk2f7Y8CFE+r7blqTVU6VzS/R8mr3OtfJOdOUxoL8dDrDz8xBsqPS23PoNTsXMBw+oGsNKmbn4kA=="}^_^8ms,256ms,9ms^_^trace_id:06022404177676528709675781838482
26-04-21.17:54:48.014 [scheduling-1    ] INFO  NoPayNotifyOrderJob    - 任务：检测未接受到或未正确处理支付回调通知
26-04-21.17:54:48.322 [scheduling-1    ] ERROR err                    - ErrorScene^_^40004^_^ACQ.TRADE_NOT_EXIST^_^172.22.22.159^_^Windows 10^_^2026-04-21 17:54:48^_^ProtocalMustParams:charset=utf-8&method=alipay.trade.query&sign=gpsPjbvDMS283IPrvpdM4iOGi+ElIiQq2XmOUSCUnk3SHsAZgHfYS7AFM95HmnrlWEuZJwNpcLblOuIfdrthVq+ubqui/F1QV5TzGnnSUsXbOYRjvxOgPiC1MiDOFNtW/GEpgLjRCN8eGp7JNYIXj3AQJ9tTdTLlPsMExKppFh1pznJaKKe7QIi7N72JWPH5YXcc+kU07sPLWA7IfopM9aDBVGAllyBsvHTUJSGGcUXukEeCjGdQAQ5O1HuqAaqICPQQHmVl78t56psU5ObKskbQ4sKbU2KO4aYBs69h+EZhbP6S0Wr3UPnrPuCLPWDFIoi0eWIqd9XVEf9SxTbnUQ==&version=1.0&app_id=9021000159639472&sign_type=RSA2&timestamp=2026-04-21 17:54:48^_^ProtocalOptParams:alipay_sdk=alipay-sdk-java-4.38.157.ALL&format=json^_^ApplicationParams:traceId=060389ba17767652901123354294248&biz_content={"out_trade_no":"804431119492"}^_^Body:{"alipay_trade_query_response":{"msg":"Business Failed","code":"40004","out_trade_no":"804431119492","sub_msg":"交易不存在","sub_code":"ACQ.TRADE_NOT_EXIST","receipt_amount":"0.00","point_amount":"0.00","buyer_pay_amount":"0.00","invoice_amount":"0.00"},"sign":"KHMw8Uv/qAfySvlFt6aBehT7XOdBRZQmXhsBqD6jmLfATC9GN0Xee1QE/A9/M3kQRsvTeL3GlUT+47X1t/9qPCBuFNHWcIHRyS6JfNYWBWHPvrtNqv9bgq6wdrG9n+pmLLHjzgQQAwLTSa0YTuK+Br/QfPKTwkSlAmgsv4CIe5fgOO1o/NE6tiF1sptOdmDFaHQUOg4tf5YEcQ9qjZ0pEo02wCE74znrGWV8UgPdG5TVaGEo824kbHwFUef7/UpcJK7Nn0l2VROk2f7Y8CFE+r7blqTVU6VzS/R8mr3OtfJOdOUxoL8dDrDz8xBsqPS23PoNTsXMBw+oGsNKmbn4kA=="}^_^8ms,291ms,8ms^_^trace_id:060389ba17767652901123354294248
26-04-21.17:54:51.004 [scheduling-1    ] INFO  NoPayNotifyOrderJob    - 任务：检测未接受到或未正确处理支付回调通知
26-04-21.17:54:51.354 [scheduling-1    ] ERROR err                    - ErrorScene^_^40004^_^ACQ.TRADE_NOT_EXIST^_^172.22.22.159^_^Windows 10^_^2026-04-21 17:54:51^_^ProtocalMustParams:charset=utf-8&method=alipay.trade.query&sign=XqIhnObfOssrQ1wP9T3EgWdcFiHUWsIWix+vwVFZHoDD2/0dOd8682bss8oSzDygKb6kIBZXXg3wy4H3nZDWiiV7pn/owPMyAGcAVogyNmCHwZSPTzTLnixF5j6WV/gsVrWNSFyNHEJRA6H7aZl6+twPbHfp6BwTACura411hcc6xV8Y8bcvCiLuskv4FwCNTNBWN/alcOTiKkWUe1sPH1BQJjhYhEdZxx/M9L4SoYnVAHBjsU08AIhjP8Jb3quKugN12yW9jw/WDcqUd12OVPSBtgCHiFe+waq6OinzRgHnLYZ5NGZkUa88eJ49dFYIqvwCDU2nwi7DLtXstMLyzQ==&version=1.0&app_id=9021000159639472&sign_type=RSA2&timestamp=2026-04-21 17:54:51^_^ProtocalOptParams:alipay_sdk=alipay-sdk-java-4.38.157.ALL&format=json^_^ApplicationParams:traceId=06013ec2177676529309830222844782&biz_content={"out_trade_no":"804431119492"}^_^Body:{"alipay_trade_query_response":{"msg":"Business Failed","code":"40004","out_trade_no":"804431119492","sub_msg":"交易不存在","sub_code":"ACQ.TRADE_NOT_EXIST","receipt_amount":"0.00","point_amount":"0.00","buyer_pay_amount":"0.00","invoice_amount":"0.00"},"sign":"KHMw8Uv/qAfySvlFt6aBehT7XOdBRZQmXhsBqD6jmLfATC9GN0Xee1QE/A9/M3kQRsvTeL3GlUT+47X1t/9qPCBuFNHWcIHRyS6JfNYWBWHPvrtNqv9bgq6wdrG9n+pmLLHjzgQQAwLTSa0YTuK+Br/QfPKTwkSlAmgsv4CIe5fgOO1o/NE6tiF1sptOdmDFaHQUOg4tf5YEcQ9qjZ0pEo02wCE74znrGWV8UgPdG5TVaGEo824kbHwFUef7/UpcJK7Nn0l2VROk2f7Y8CFE+r7blqTVU6VzS/R8mr3OtfJOdOUxoL8dDrDz8xBsqPS23PoNTsXMBw+oGsNKmbn4kA=="}^_^8ms,335ms,6ms^_^trace_id:06013ec2177676529309830222844782
26-04-21.17:54:54.003 [scheduling-1    ] INFO  NoPayNotifyOrderJob    - 任务：检测未接受到或未正确处理支付回调通知
26-04-21.17:54:54.225 [scheduling-1    ] ERROR err                    - ErrorScene^_^40004^_^ACQ.TRADE_NOT_EXIST^_^172.22.22.159^_^Windows 10^_^2026-04-21 17:54:54^_^ProtocalMustParams:charset=utf-8&method=alipay.trade.query&sign=UYQRrRG4DOlvytDlbFrcheh0eaUk0BH/b2djzKVT+HzdOv/hPuD1+/R/T80LaQaAsBiqOCyuWbDt8YARWH6B9M5nrQ4XAJGfnMwG9xAKt+djB4sF6HXgemxC+pRh1x1iyIb0MO3cTdwLBrUcuivYwTkHwK0h+KR8C6fkyvLr9gK99pGrsZhK9m+/vsgc9G5Ix5jah9Mx5zf/w7Da4HJKL/o1Vvv2mPQZ0o4340USF4rLrSESDIHJTyJvKlvGH/qc7CQ4Ky2fyHC3QQl+MhNITOIqG+WzEIhRyoOMSk9Pj6sH8Fju3qyViLJyJpIg2jeuf1G7X7FdN1DJIS4xbq15bQ==&version=1.0&app_id=9021000159639472&sign_type=RSA2&timestamp=2026-04-21 17:54:54^_^ProtocalOptParams:alipay_sdk=alipay-sdk-java-4.38.157.ALL&format=json^_^ApplicationParams:traceId=0601ac3e177676529607824356638&biz_content={"out_trade_no":"804431119492"}^_^Body:{"alipay_trade_query_response":{"msg":"Business Failed","code":"40004","out_trade_no":"804431119492","sub_msg":"交易不存在","sub_code":"ACQ.TRADE_NOT_EXIST","receipt_amount":"0.00","point_amount":"0.00","buyer_pay_amount":"0.00","invoice_amount":"0.00"},"sign":"KHMw8Uv/qAfySvlFt6aBehT7XOdBRZQmXhsBqD6jmLfATC9GN0Xee1QE/A9/M3kQRsvTeL3GlUT+47X1t/9qPCBuFNHWcIHRyS6JfNYWBWHPvrtNqv9bgq6wdrG9n+pmLLHjzgQQAwLTSa0YTuK+Br/QfPKTwkSlAmgsv4CIe5fgOO1o/NE6tiF1sptOdmDFaHQUOg4tf5YEcQ9qjZ0pEo02wCE74znrGWV8UgPdG5TVaGEo824kbHwFUef7/UpcJK7Nn0l2VROk2f7Y8CFE+r7blqTVU6VzS/R8mr3OtfJOdOUxoL8dDrDz8xBsqPS23PoNTsXMBw+oGsNKmbn4kA=="}^_^8ms,206ms,8ms^_^trace_id:0601ac3e177676529607824356638
26-04-21.17:54:57.007 [scheduling-1    ] INFO  NoPayNotifyOrderJob    - 任务：检测未接受到或未正确处理支付回调通知
26-04-21.17:54:57.266 [scheduling-1    ] ERROR err                    - ErrorScene^_^40004^_^ACQ.TRADE_NOT_EXIST^_^172.22.22.159^_^Windows 10^_^2026-04-21 17:54:57^_^ProtocalMustParams:charset=utf-8&method=alipay.trade.query&sign=fYdxl6fTHw5vGBL5L1U4bZGpqci5ZKwpmUeBAcPPIxGO/uI0E0u5PNmuqcRO3nRaB1dhGjqYmL37Ccm2Unz+u+s5yUdGmZm6kPlzML+/yVNBwIRNbMSEDYbGGrTPb2AXNd/vS1dbfpyfC0bR48yDHbhkgK5twT2scrLCoLD1iw+xraDps1MjPmjoPzkLRB9sMMS7Pzs+x09e+gsRf+r0oyOlTQ1xNNVK26Zd2+2jEmdVCLagstLXvwc648r+jWXHtGA3yrPK13bcsUr8WkIT9+LgCU6+gcR3PJpix4w7FDah1iLYUcVr/awZCL2rRi9yWS51naZJhdVtBKSzedMH1g==&version=1.0&app_id=9021000159639472&sign_type=RSA2&timestamp=2026-04-21 17:54:57^_^ProtocalOptParams:alipay_sdk=alipay-sdk-java-4.38.157.ALL&format=json^_^ApplicationParams:traceId=0601d58b177676529908464361828226&biz_content={"out_trade_no":"804431119492"}^_^Body:{"alipay_trade_query_response":{"msg":"Business Failed","code":"40004","out_trade_no":"804431119492","sub_msg":"交易不存在","sub_code":"ACQ.TRADE_NOT_EXIST","receipt_amount":"0.00","point_amount":"0.00","buyer_pay_amount":"0.00","invoice_amount":"0.00"},"sign":"KHMw8Uv/qAfySvlFt6aBehT7XOdBRZQmXhsBqD6jmLfATC9GN0Xee1QE/A9/M3kQRsvTeL3GlUT+47X1t/9qPCBuFNHWcIHRyS6JfNYWBWHPvrtNqv9bgq6wdrG9n+pmLLHjzgQQAwLTSa0YTuK+Br/QfPKTwkSlAmgsv4CIe5fgOO1o/NE6tiF1sptOdmDFaHQUOg4tf5YEcQ9qjZ0pEo02wCE74znrGWV8UgPdG5TVaGEo824kbHwFUef7/UpcJK7Nn0l2VROk2f7Y8CFE+r7blqTVU6VzS/R8mr3OtfJOdOUxoL8dDrDz8xBsqPS23PoNTsXMBw+oGsNKmbn4kA=="}^_^8ms,242ms,8ms^_^trace_id:0601d58b177676529908464361828226
26-04-21.17:55:00.003 [scheduling-1    ] INFO  NoPayNotifyOrderJob    - 任务：检测未接受到或未正确处理支付回调通知
26-04-21.17:55:00.308 [scheduling-1    ] ERROR err                    - ErrorScene^_^40004^_^ACQ.TRADE_NOT_EXIST^_^172.22.22.159^_^Windows 10^_^2026-04-21 17:55:00^_^ProtocalMustParams:charset=utf-8&method=alipay.trade.query&sign=fbc5UjEToyu3mheXHkEehtZg7bNsbdNr20s/db3uUjQsVs8y726qF9n39YHqn+nOCQv6anv9NBcnEOLq42Ogr3CcPPbmC23xHU7WOiMgdxLZN1RS6mxUzNv/NdbjQIkPK+u7i30DaBbgxQHAeukxYBVLbWg/WELdI2KqWvbeEYHswI2LNaTu9TFtgG3va9huvBMYRxZdZVO4ql8btiaZaZNtvuhx4A1fe1ew/gCwEokOlRwaZrLeCzLqRYaWwNfTzxuGjYq0LzuKyRzCDNpYt8cFnSb6Os3s7/dBo1Jnxn4prTEbk+wTkS38ZbBFEfZpoZpNpbHzl0Le2bAFmp7wqg==&version=1.0&app_id=9021000159639472&sign_type=RSA2&timestamp=2026-04-21 17:55:00^_^ProtocalOptParams:alipay_sdk=alipay-sdk-java-4.38.157.ALL&format=json^_^ApplicationParams:traceId=0601ac3e177676530209224616638&biz_content={"out_trade_no":"804431119492"}^_^Body:{"alipay_trade_query_response":{"msg":"Business Failed","code":"40004","out_trade_no":"804431119492","sub_msg":"交易不存在","sub_code":"ACQ.TRADE_NOT_EXIST","receipt_amount":"0.00","point_amount":"0.00","buyer_pay_amount":"0.00","invoice_amount":"0.00"},"sign":"KHMw8Uv/qAfySvlFt6aBehT7XOdBRZQmXhsBqD6jmLfATC9GN0Xee1QE/A9/M3kQRsvTeL3GlUT+47X1t/9qPCBuFNHWcIHRyS6JfNYWBWHPvrtNqv9bgq6wdrG9n+pmLLHjzgQQAwLTSa0YTuK+Br/QfPKTwkSlAmgsv4CIe5fgOO1o/NE6tiF1sptOdmDFaHQUOg4tf5YEcQ9qjZ0pEo02wCE74znrGWV8UgPdG5TVaGEo824kbHwFUef7/UpcJK7Nn0l2VROk2f7Y8CFE+r7blqTVU6VzS/R8mr3OtfJOdOUxoL8dDrDz8xBsqPS23PoNTsXMBw+oGsNKmbn4kA=="}^_^11ms,284ms,8ms^_^trace_id:0601ac3e177676530209224616638
26-04-21.17:55:03.001 [scheduling-1    ] INFO  NoPayNotifyOrderJob    - 任务：检测未接受到或未正确处理支付回调通知
26-04-21.17:55:03.230 [scheduling-1    ] ERROR err                    - ErrorScene^_^40004^_^ACQ.TRADE_NOT_EXIST^_^172.22.22.159^_^Windows 10^_^2026-04-21 17:55:03^_^ProtocalMustParams:charset=utf-8&method=alipay.trade.query&sign=gSVql/Z40w2aG5WnB5Yut6oSs7GaQlM/0RBsPJR3lyLgwmZXqfVu7hCbszHBuW103cTheO+G3AcUlG3OI4OM5YtA1tKf9Q5fhwKEgGqlWUoCDFZyj0Eoy55CToOSqbv1uaGz4LAoT3A8TDzIT4pr/DGdQZ84WEw9kZt1mmNyHhKUiW8AbPCYN69fJ8bthl/47ymxmkEof6mL3DBCsKwcEfkm3P/25aCIiupmeWiuV5JJTv19SzMqW4asghtrLgUu+pcuxeN7+2b45ztA5O3JZVUgb9wXjzGqp3iSLsGbaybZUvfxQStEEdwDMdnSDymSAFMK4vPPBh/BgAxt53dCqw==&version=1.0&app_id=9021000159639472&sign_type=RSA2&timestamp=2026-04-21 17:55:03^_^ProtocalOptParams:alipay_sdk=alipay-sdk-java-4.38.157.ALL&format=json^_^ApplicationParams:traceId=0601d58b177676530509064681828226&biz_content={"out_trade_no":"804431119492"}^_^Body:{"alipay_trade_query_response":{"msg":"Business Failed","code":"40004","out_trade_no":"804431119492","sub_msg":"交易不存在","sub_code":"ACQ.TRADE_NOT_EXIST","receipt_amount":"0.00","point_amount":"0.00","buyer_pay_amount":"0.00","invoice_amount":"0.00"},"sign":"KHMw8Uv/qAfySvlFt6aBehT7XOdBRZQmXhsBqD6jmLfATC9GN0Xee1QE/A9/M3kQRsvTeL3GlUT+47X1t/9qPCBuFNHWcIHRyS6JfNYWBWHPvrtNqv9bgq6wdrG9n+pmLLHjzgQQAwLTSa0YTuK+Br/QfPKTwkSlAmgsv4CIe5fgOO1o/NE6tiF1sptOdmDFaHQUOg4tf5YEcQ9qjZ0pEo02wCE74znrGWV8UgPdG5TVaGEo824kbHwFUef7/UpcJK7Nn0l2VROk2f7Y8CFE+r7blqTVU6VzS/R8mr3OtfJOdOUxoL8dDrDz8xBsqPS23PoNTsXMBw+oGsNKmbn4kA=="}^_^7ms,211ms,9ms^_^trace_id:0601d58b177676530509064681828226
26-04-21.17:55:04.157 [SpringApplicationShutdownHook] INFO  HikariDataSource       - HikariPool-1 - Shutdown initiated...
26-04-21.17:55:04.160 [SpringApplicationShutdownHook] INFO  HikariDataSource       - HikariPool-1 - Shutdown completed.
